Issue id,Issue Type,Issue key,Summary,Assignee,Priority,Status,Created,Updated,ts,Reporter,Sprint,story,epic_link,Team,Parent id,Labels
2743403,Sub-task,EEEFI-531,PO/PSE Demo,C84649B,Minor,Done,2023-Feb-08 3:55 PM,2023-Feb-16 1:34 PM,1800,C84618B,Eforms-I9 P6 Sprint 1 - Yellow,,,,2743194,
2743199,Sub-task,EEEFI-527,Dev & Dev Testing,C84649B,Minor,Done,2023-Feb-08 3:55 PM,2023-Feb-16 1:32 PM,21600,C84618B,Eforms-I9 P6 Sprint 1 - Yellow,,,,2743194,
2743194,Story,EEEFI-525,Maint Issue - Export PDFs By Date Range Setup Not Working Properly,C84649B,Minor,Done,2023-Feb-08 3:43 PM,2023-Feb-16 1:34 PM,23400,C84618B,Eforms-I9 P6 Sprint 1 - Yellow,1,EEEFI-235,,,
2727768,Sub-task,EEEFI-365,BA Demo,C84708B,Minor,Done,2023-Feb-02 11:25 AM,2023-Feb-16 10:17 AM,1800,C84618B,Eforms-I9 P6 Sprint 1 - Yellow,,,,2725945,
2727764,Sub-task,EEEFI-363,QA / Testing,C84708B,Minor,Done,2023-Feb-02 11:25 AM,2023-Feb-15 5:44 PM,10800,C84618B,Eforms-I9 P6 Sprint 1 - Yellow,,,,2725945,
2727762,Sub-task,EEEFI-362,QA Test Plan Review,C86393B,Minor,Done,2023-Feb-02 11:25 AM,2023-Feb-17 11:06 AM,1800,C84618B,Eforms-I9 P6 Sprint 1 - Yellow,,,,2725945,
2727760,Sub-task,EEEFI-361,QA Test Plan Create,C84708B,Minor,Done,2023-Feb-02 11:24 AM,2023-Feb-16 5:53 PM,3600,C84618B,Eforms-I9 P6 Sprint 1 - Yellow,,,,2725945,
2727759,Sub-task,EEEFI-360,Dev and Dev Testing,C84649B,Minor,Done,2023-Feb-02 11:24 AM,2023-Feb-14 12:59 PM,28800,C84618B,Eforms-I9 P6 Sprint 1 - Yellow,,,,2725945,
2725945,Story,EEEFI-357,Victoria's Secret (Beta)- Request to have BBW companies Removed from drop-down menus on two custom reports (beta-vsco site),C84649B,Minor,Done,2023-Feb-01 8:34 PM,2023-Feb-27 8:49 AM,46800,C84618B,Eforms-I9 P6 Sprint 1 - Yellow,1,EEEFI-235,,,
2748417,Sub-task,EEEFI-576,QA Testing - T1 - QTS Regression ,C84708B,Minor,Done,2023-Feb-10 4:48 PM,2023-Feb-10 4:59 PM,12600,C84708B,Eforms-I9 P6 Sprint 1 - Yellow,,,,2736315,
2748374,Sub-task,EEEFI-575,T1 Testing - QA assist,C84649B,Minor,Done,2023-Feb-10 4:13 PM,2023-Feb-10 4:58 PM,10800,C84649B,Eforms-I9 P6 Sprint 1 - Yellow,,,,2736315,
2736315,Story,EEEFI-480,QA Only - Queue Transaction Service - Improve individual user performance,C84649B,Minor,Done,2023-Feb-06 1:01 PM,2023-Feb-16 1:29 PM,23400,C84642B,Eforms-I9 P6 Sprint 1 - Yellow,1,EEEFI-235,,,
2758051,Sub-task,EEEFI-626,Dev & Dev Testing,C84734B,Minor,Done,2023-Feb-15 11:53 AM,2023-Feb-15 2:55 PM,10800,C84734B,Eforms-I9 P6 Sprint 1 - Yellow,,,,2747873,
2755786,Sub-task,EEEFI-613,PO / PSE Demo,C84734B,Minor,Done,2023-Feb-14 5:07 PM,2023-Feb-15 11:53 AM,1800,C84734B,Eforms-I9 P6 Sprint 1 - Yellow,,,,2747873,
2747875,Sub-task,EEEFI-572,Dev Research,C84734B,Minor,Done,2023-Feb-10 12:51 PM,2023-Feb-14 5:34 PM,57600,C84734B,Eforms-I9 P6 Sprint 1 - Yellow,,,,2747873,
2747873,Story,EEEFI-571,Prod Support - Non-Form Locals Not Initiating,C84734B,Minor,Done,2023-Feb-10 12:45 PM,2023-Feb-21 10:08 AM,70200,C84642B,Eforms-I9 P6 Sprint 1 - Yellow,3,EEEFI-235,,,
2761214,Sub-task,EEEFI-675,Dev,C84649B,Minor,Done,2023-Feb-16 1:53 PM,2023-Feb-17 9:51 PM,32400,C84649B,Eforms-I9 P6 Sprint 1 - Yellow,,,,2761207,
2761207,Story,EEEFI-672,Veracode and Pentest Mitigation - AuthorizedRepresentativeAPI,C84649B,Minor,Done,2023-Feb-16 1:48 PM,2023-Feb-17 9:52 PM,32400,C84649B,Eforms-I9 P6 Sprint 1 - Yellow,5,EEEFI-189,,,
2758209,Sub-task,EEEFI-627,Dev,C84649B,Minor,Done,2023-Feb-15 12:10 PM,2023-Feb-16 9:31 AM,28800,C84649B,Eforms-I9 P6 Sprint 1 - Yellow,,,,2692536,
2734779,Sub-task,EEEFI-478,Dev,C84683B,Minor,Done,2023-Feb-06 11:40 AM,2023-Feb-17 8:26 AM,,C84684B,Eforms-I9 P6 Sprint 1 - Yellow,,,,2692536,
2692536,Story,EEEFI-191,Veracode and Pentest Mitigation - Realtime Part 1,C84649B,Minor,Done,2023-Jan-26 2:22 PM,2023-Mar-07 10:04 AM,28800,C84642B,Eforms-I9 P6 Sprint 1 - Yellow,8,EEEFI-189,,,
2743240,Sub-task,EEEFI-524,Dev Research,C84649B,Minor,Done,2023-Feb-08 2:30 PM,2023-Feb-16 9:31 AM,25200,C84649B,Eforms-I9 P6 Sprint 1 - Yellow,,,,2696023,
2696023,Story,EEEFI-217,Veracode and Pentest Mitigation - Taleo,C84649B,Minor,Done,2023-Jan-27 3:12 PM,2023-Feb-16 1:55 PM,25200,C84649B,Eforms-I9 P6 Sprint 1 - Yellow,3,EEEFI-189,,,
2738873,Sub-task,EEEFI-504,Dev Research,C84649B,Minor,Done,2023-Feb-07 10:03 AM,2023-Feb-09 4:25 PM,36000,C84649B,Eforms-I9 P6 Sprint 1 - Yellow,,,,2728293,
2738872,Sub-task,EEEFI-503,Dev,C84649B,Minor,Done,2023-Feb-07 10:02 AM,2023-Feb-16 9:30 AM,,C84649B,Eforms-I9 P6 Sprint 1 - Yellow,,,,2728293,
2728293,Story,EEEFI-375,Veracode and Pentest Mitigation - EForm Completion Service,C84649B,Major,Done,2023-Feb-02 1:33 PM,2023-Feb-16 1:51 PM,36000,C84671B,Eforms-I9 P6 Sprint 1 - Yellow,8,EEEFI-189,,,
2739201,Sub-task,EEEFI-507,Dev Research,C84734B,Minor,Done,2023-Feb-07 10:46 AM,2023-Feb-21 10:03 AM,46800,C84734B,Eforms-I9 P6 Sprint 1 - Yellow,,,,2696011,
2734499,Sub-task,EEEFI-469,Dev,C84734B,Minor,Done,2023-Feb-06 10:53 AM,2023-Feb-14 12:46 PM,7200,C84684B,Eforms-I9 P6 Sprint 1 - Yellow,,,,2696011,
2696011,Story,EEEFI-216,Veracode and Pentest Mitigation - EFormPackager,C84734B,Minor,Done,2023-Jan-27 3:02 PM,2023-Feb-21 10:03 AM,54000,C84734B,Eforms-I9 P6 Sprint 1 - Yellow,8,EEEFI-189,,,
2734497,Sub-task,EEEFI-468,Dev,C84671B,Minor,Done,2023-Feb-06 10:52 AM,2023-Feb-10 5:01 PM,,C84684B,Eforms-I9 P6 Sprint 1 - Yellow,,,,2715411,
2734466,Sub-task,EEEFI-460,Dev Research,C84671B,Minor,Done,2023-Feb-06 10:31 AM,2023-Feb-10 5:01 PM,21600,C84642B,Eforms-I9 P6 Sprint 1 - Yellow,,,,2715411,
2715411,Story,EEEFI-246,Veracode and Pentest Mitigation - File Processing Service,C84671B,Major,Done,2023-Jan-31 4:04 PM,2023-Feb-10 5:01 PM,21600,C84671B,Eforms-I9 P6 Sprint 1 - Yellow,1,EEEFI-189,,,
2738869,Sub-task,EEEFI-502,Dev Research,C84649B,Minor,Done,2023-Feb-07 10:01 AM,2023-Feb-13 5:43 PM,46800,C84649B,Eforms-I9 P6 Sprint 1 - Yellow,,,,2692535,
2734493,Sub-task,EEEFI-467,Dev,C84649B,Minor,Done,2023-Feb-06 10:51 AM,2023-Feb-16 9:30 AM,,C84684B,Eforms-I9 P6 Sprint 1 - Yellow,,,,2692535,
2692535,Story,EEEFI-190,Veracode and Pentest Mitigation - WorkdayBatchSync,C84649B,Minor,Done,2023-Jan-26 2:22 PM,2023-Feb-16 9:47 AM,46800,C84642B,Eforms-I9 P6 Sprint 1 - Yellow,8,EEEFI-189,,,
2734170,Sub-task,EEEFI-457,BA Demo,C86398B,Minor,Done,2023-Feb-06 9:27 AM,2023-Feb-10 11:05 AM,2700,C84777B,Eforms-I9 P6 Sprint 1 - Yellow,,,,2685430,
2734169,Sub-task,EEEFI-456,QA Test Plan Review ,C84708B,Minor,Done,2023-Feb-06 9:27 AM,2023-Feb-14 3:13 PM,3600,C84777B,Eforms-I9 P6 Sprint 1 - Yellow,,,,2685430,
2734168,Sub-task,EEEFI-455,QA Test Plan Create - Hawaii HW-6 (Rev 12/2022),C86398B,Minor,Done,2023-Feb-06 9:27 AM,2023-Feb-09 12:57 PM,3600,C84777B,Eforms-I9 P6 Sprint 1 - Yellow,,,,2685430,
2734167,Sub-task,EEEFI-454,QA Testing - Hawaii HW-6 (Rev 12/2022),C86398B,Minor,Done,2023-Feb-06 9:27 AM,2023-Feb-10 10:14 AM,16200,C84777B,Eforms-I9 P6 Sprint 1 - Yellow,1,,,2685430,
2734166,Sub-task,EEEFI-453,Prod Review,C84708B,Minor,Done,2023-Feb-06 9:27 AM,2023-Feb-17 12:38 PM,3600,C84777B,Eforms-I9 P6 Sprint 1 - Yellow,,,,2685430,
2734165,Sub-task,EEEFI-452,Dev ,C84671B,Minor,Done,2023-Feb-06 9:26 AM,2023-Feb-08 4:01 PM,21600,C84777B,Eforms-I9 P6 Sprint 1 - Yellow,,,,2685430,
2685430,Story,EEEFI-82,Form Update - Hawaii HW-6 (Rev 12/2022),C84671B,Minor,Done,2023-Jan-24 2:18 PM,2023-Feb-17 12:38 PM,51300,C84777B,Eforms-I9 P6 Sprint 1 - Yellow,2,EEEFI-47,,,
2725280,Sub-task,EEEFI-306,Prod Review - Nouvelle-Ecosse TD1NS(F) (Rev 2023/01),C86398B,Minor,Done,2023-Feb-01 12:44 PM,2023-Feb-17 10:59 AM,10800,C87582B,Eforms-I9 P6 Sprint 1 - Yellow,,,,2725270,
2725279,Sub-task,EEEFI-305,QA Test Plan Review - Nouvelle-Ecosse TD1NS(F) (Rev 2023/01),C86398B,Minor,Done,2023-Feb-01 12:44 PM,2023-Feb-15 2:33 PM,3600,C87582B,Eforms-I9 P6 Sprint 1 - Yellow,,,,2725270,
2725278,Sub-task,EEEFI-304,QA Test Plan Create - Nouvelle-Ecosse TD1NS(F) (Rev 2023/01),C84708B,Minor,Done,2023-Feb-01 12:44 PM,2023-Feb-14 1:43 PM,3600,C87582B,Eforms-I9 P6 Sprint 1 - Yellow,,,,2725270,
2725277,Sub-task,EEEFI-303,QA Testing - Nouvelle-Ecosse TD1NS(F) (Rev 2023/01),C84708B,Minor,Done,2023-Feb-01 12:44 PM,2023-Feb-13 9:53 AM,18000,C87582B,Eforms-I9 P6 Sprint 1 - Yellow,,,,2725270,
2725276,Sub-task,EEEFI-302,BA Demo - Nouvelle-Ecosse TD1NS(F) (Rev 2023/01),C84708B,Minor,Done,2023-Feb-01 12:44 PM,2023-Feb-15 4:53 PM,1800,C87582B,Eforms-I9 P6 Sprint 1 - Yellow,,,,2725270,
2725275,Sub-task,EEEFI-301,Dev & Dev Testing - Nouvelle-Ecosse TD1NS(F) (Rev 2023/01),C84649B,Minor,Done,2023-Feb-01 12:44 PM,2023-Feb-07 1:03 PM,14400,C87582B,Eforms-I9 P6 Sprint 1 - Yellow,,,,2725270,
2725270,Story,EEEFI-300,Form Update - Nouvelle-Ecosse TD1NS(F) (Rev 2023/01,C84649B,Minor,Done,2023-Feb-01 12:40 PM,2023-Feb-17 12:26 PM,52200,C87582B,Eforms-I9 P6 Sprint 1 - Yellow,3,EEEFI-47,,,
2725263,Sub-task,EEEFI-299,Prod Review - Nova Scotia TD1NS (Rev 2023/01),C84708B,Minor,Done,2023-Feb-01 12:38 PM,2023-Feb-17 12:25 PM,3600,C87582B,Eforms-I9 P6 Sprint 1 - Yellow,,,,2725255,
2725262,Sub-task,EEEFI-298,QA Test Plan Review - Nova Scotia TD1NS (Rev 2023/01),C84708B,Minor,Done,2023-Feb-01 12:37 PM,2023-Feb-09 8:07 PM,3600,C87582B,Eforms-I9 P6 Sprint 1 - Yellow,,,,2725255,
2725260,Sub-task,EEEFI-297,QA Test Plan Create - Nova Scotia TD1NS (Rev 2023/01),C86398B,Minor,Done,2023-Feb-01 12:37 PM,2023-Feb-09 9:19 AM,3600,C87582B,Eforms-I9 P6 Sprint 1 - Yellow,,,,2725255,
2725259,Sub-task,EEEFI-296,QA Testing - Nova Scotia TD1NS (Rev 2023/01),C86398B,Minor,Done,2023-Feb-01 12:37 PM,2023-Feb-09 9:34 AM,20700,C87582B,Eforms-I9 P6 Sprint 1 - Yellow,,,,2725255,
2725257,Sub-task,EEEFI-295,BA Demo - Nova Scotia TD1NS (Rev 2023/01),C86398B,Minor,Done,2023-Feb-01 12:37 PM,2023-Feb-09 11:11 AM,1800,C87582B,Eforms-I9 P6 Sprint 1 - Yellow,,,,2725255,
2725256,Sub-task,EEEFI-294,Dev & Dev Testing - Nova Scotia TD1NS (Rev 2023/01),C84649B,Minor,Done,2023-Feb-01 12:37 PM,2023-Feb-08 3:01 PM,14400,C87582B,Eforms-I9 P6 Sprint 1 - Yellow,,,,2725255,
2725255,Story,EEEFI-293,Form Update - Nova Scotia TD1NS (Rev 2023/01),C86398B,Minor,Done,2023-Feb-01 12:35 PM,2023-Feb-17 12:25 PM,47700,C87582B,Eforms-I9 P6 Sprint 1 - Yellow,3,EEEFI-47,,,
2743812,Sub-task,EEEFI-535,QA Test - Bug Fix - PDF Employee Name Format ,C84708B,Minor,Done,2023-Feb-08 8:23 PM,2023-Feb-09 4:35 PM,1800,C84708B,Eforms-I9 P6 Sprint 1 - Yellow,,,,2714892,Bug
2725526,Sub-task,EEEFI-326,QA Testing - VSCo - Hawaii Certificate of Age Verification for Minors - VSCo (02/2023),C84708B,Minor,Done,2023-Feb-01 2:00 PM,2023-Feb-08 8:21 PM,10800,C87709B,Eforms-I9 P6 Sprint 1 - Yellow,,,,2714892,
2725524,Sub-task,EEEFI-325,QA Test Plan Review - VSCo - Hawaii Certificate of Age Verification for Minors - VSCo (02/2023),C86398B,Minor,Done,2023-Feb-01 2:00 PM,2023-Feb-15 8:25 AM,3600,C87709B,Eforms-I9 P6 Sprint 1 - Yellow,,,,2714892,
2725523,Sub-task,EEEFI-324,QA Create Test Plan - VSCo - Hawaii Certificate of Age Verification for Minors - VSCo (02/2023),C84708B,Minor,Done,2023-Feb-01 2:00 PM,2023-Feb-14 1:40 PM,3600,C87709B,Eforms-I9 P6 Sprint 1 - Yellow,,,,2714892,
2725522,Sub-task,EEEFI-323,BA Demo - VSCo - Hawaii Certificate of Age Verification for Minors - VSCo (02/2023),C84708B,Minor,Done,2023-Feb-01 1:59 PM,2023-Feb-16 9:56 AM,1800,C87709B,Eforms-I9 P6 Sprint 1 - Yellow,,,,2714892,
2725521,Sub-task,EEEFI-322,Prod Review - VSCo - Hawaii Certificate of Age Verification for Minors - VSCo (02/2023),C86398B,Minor,Done,2023-Feb-01 1:58 PM,2023-Feb-20 11:54 AM,10800,C87709B,Eforms-I9 P6 Sprint 1 - Yellow,,,,2714892,
2725519,Sub-task,EEEFI-321,Dev & Dev Testing - VSCo - Hawaii Certificate of Age Verification for Minors - VSCo (02/2023),C84734B,Minor,Done,2023-Feb-01 1:58 PM,2023-Feb-07 2:09 PM,14400,C87709B,Eforms-I9 P6 Sprint 1 - Yellow,,,,2714892,
2714892,Story,EEEFI-244,Form Update - VSCo - Hawaii Certificate of Age Verification for Minors - VSCo (02/2023),C84734B,Minor,Done,2023-Jan-31 3:12 PM,2023-Feb-21 8:50 AM,46800,C87709B,Eforms-I9 P6 Sprint 1 - Yellow,2,EEEFI-48,,,
2725034,Sub-task,EEEFI-260,QA Testing - Hawaii Pay Schedule Acknowledgement - VSCo (Rev 02/2023),C86398B,Minor,Done,2023-Feb-01 11:35 AM,2023-Feb-08 9:26 AM,12600,C87582B,Eforms-I9 P6 Sprint 1 - Yellow,,,,2725023,
2725033,Sub-task,EEEFI-259,QA Test Plan Review - Hawaii Pay Schedule Acknowledgement - VSCo (Rev 02/2023),C84708B,Minor,Done,2023-Feb-01 11:35 AM,2023-Feb-09 8:05 PM,3600,C87582B,Eforms-I9 P6 Sprint 1 - Yellow,,,,2725023,
2725032,Sub-task,EEEFI-258,QA Create Test Plan - Hawaii Pay Schedule Acknowledgement - VSCo (Rev 02/2023),C86398B,Minor,Done,2023-Feb-01 11:34 AM,2023-Feb-09 11:06 AM,3600,C87582B,Eforms-I9 P6 Sprint 1 - Yellow,,,,2725023,
2725030,Sub-task,EEEFI-256,BA Demo - Hawaii Pay Schedule Acknowledgement - VSCo (Rev 02/2023),C86398B,Minor,Done,2023-Feb-01 11:34 AM,2023-Feb-09 9:25 AM,1800,C87582B,Eforms-I9 P6 Sprint 1 - Yellow,,,,2725023,
2725026,Sub-task,EEEFI-255,Prod Review - Hawaii Pay Schedule Acknowledgement - VSCo (Rev 02/2023),C84708B,Minor,Done,2023-Feb-01 11:31 AM,2023-Feb-17 1:32 PM,3600,C87582B,Eforms-I9 P6 Sprint 1 - Yellow,,,,2725023,
2725025,Sub-task,EEEFI-254,Dev & Dev Testing - Hawaii Pay Schedule Acknowledgement - VSCo (Rev 02/2023),C84734B,Minor,Done,2023-Feb-01 11:30 AM,2023-Feb-07 4:22 PM,14400,C87582B,Eforms-I9 P6 Sprint 1 - Yellow,,,,2725023,
2725023,Story,EEEFI-253,Form Update - Hawaii Pay Schedule Acknowledgement - VSCo (Rev 02/2023),C84734B,Moderate,Done,2023-Feb-01 11:28 AM,2023-Feb-17 1:33 PM,39600,C87582B,Eforms-I9 P6 Sprint 1 - Yellow,2,EEEFI-48,,,Estimate
2734477,Sub-task,EEEFI-466,Dev,C84671B,Minor,Done,2023-Feb-06 10:43 AM,2023-Feb-21 9:02 AM,108000,C84642B,Eforms-I9 P6 Sprint 1 - Yellow,,,,2692551,
2692551,Story,EEEFI-194,Government DevOps Release Process Follow Ups and Release Engineer Collaboration,C84671B,Minor,Done,2023-Jan-26 2:45 PM,2023-Feb-21 9:02 AM,108000,C84642B,Eforms-I9 P6 Sprint 1 - Yellow,2,EEEFI-57,,,
2734473,Sub-task,EEEFI-464,BA Demo,C86393B,Minor,Done,2023-Feb-06 10:38 AM,2023-Feb-15 11:55 AM,1800,C84642B,Eforms-I9 P6 Sprint 1 - Yellow,,,,2692540,
2734472,Sub-task,EEEFI-463,QA Test Plan Review,C84708B,Minor,Done,2023-Feb-06 10:38 AM,2023-Feb-14 3:03 PM,3600,C84642B,Eforms-I9 P6 Sprint 1 - Yellow,,,,2692540,
2734471,Sub-task,EEEFI-462,QA Test Plan Create,C86393B,Minor,Done,2023-Feb-06 10:38 AM,2023-Feb-14 2:57 PM,7230,C84642B,Eforms-I9 P6 Sprint 1 - Yellow,,,,2692540,
2734470,Sub-task,EEEFI-461,QA: Testing ,C86393B,Minor,Done,2023-Feb-06 10:38 AM,2023-Feb-10 12:35 PM,28800,C84642B,Eforms-I9 P6 Sprint 1 - Yellow,,,,2692540,
2692540,Story,EEEFI-192,QA Only - ADA Accessibility - California DE-4 Regression Test,C86393B,Minor,Done,2023-Jan-26 2:30 PM,2023-Feb-16 4:31 PM,41430,C84642B,Eforms-I9 P6 Sprint 1 - Yellow,2,EEEFI-49,,,
2763375,Sub-task,EEEFI-693,QA Test - Bug Fix - North Dakota NDW-R (Rev 12/2022),C86398B,Moderate,Done,2023-Feb-17 1:37 PM,2023-Feb-17 3:57 PM,1800,C86398B,Eforms-I9 P6 Sprint 1 - Yellow,,,,2714597,In_Sprint_Bug
2763374,Sub-task,EEEFI-692,Dev & Dev Testing - Bug Fix - North Dakota NDW-R (Rev 12/2022),C87709B,Moderate,Done,2023-Feb-17 1:37 PM,2023-Feb-17 3:27 PM,1800,C86398B,Eforms-I9 P6 Sprint 1 - Yellow,,,,2714597,In_Sprint_Bug
2760808,Sub-task,EEEFI-645,Prod Review - ID-MS1 (Rev 03/2022),C86393B,Minor,Done,2023-Feb-16 10:26 AM,2023-Feb-17 4:07 PM,3600,C84618B,Eforms-I9 P6 Sprint 1 - Yellow,,,,2714597,
2760807,Sub-task,EEEFI-644,QA Test (T1) - ID-MS1 (Rev 03/2022),C86398B,Minor,Done,2023-Feb-16 10:26 AM,2023-Feb-16 4:17 PM,19800,C84618B,Eforms-I9 P6 Sprint 1 - Yellow,,,,2714597,
2750858,Sub-task,EEEFI-578,Prod Review - Minnesota MWR (Rev 01/2023),C86393B,Minor,Done,2023-Feb-13 11:02 AM,2023-Feb-17 12:43 PM,3600,C87582B,Eforms-I9 P6 Sprint 1 - Yellow,,,,2714597,
2750857,Sub-task,EEEFI-577,QA Test (T1) - Minnesota MWR (Rev 01/2023),C84708B,Minor,Done,2023-Feb-13 11:01 AM,2023-Feb-14 1:44 PM,7200,C87582B,Eforms-I9 P6 Sprint 1 - Yellow,,,,2714597,
2740555,Sub-task,EEEFI-520,QA Test - Bug Fix - North Dakota NDW-R,C84708B,Moderate,Done,2023-Feb-07 7:54 PM,2023-Feb-08 5:47 PM,3600,C84708B,Eforms-I9 P6 Sprint 1 - Yellow,1,,,2714597,Bug
2740508,Sub-task,EEEFI-518,BA - Bug Fix - North Dakota NDW-R ,C87709B,Moderate,Done,2023-Feb-07 5:06 PM,2023-Feb-08 5:45 PM,,C84708B,Eforms-I9 P6 Sprint 1 - Yellow,1,,,2714597,Bug
2734155,Sub-task,EEEFI-451,Prod Review - Iowa 44-016 (Rev 06/2022),C86398B,Minor,Done,2023-Feb-06 9:17 AM,2023-Feb-09 9:31 AM,9000,C84684B,Eforms-I9 P6 Sprint 1 - Yellow,1,,,2714597,
2725568,Sub-task,EEEFI-339,Prod Review - North Dakota NDW-R (Rev 12/2022),C86398B,Minor,Done,2023-Feb-01 2:24 PM,2023-Feb-17 4:04 PM,9000,C87709B,Eforms-I9 P6 Sprint 1 - Yellow,,,,2714597,
2725567,Sub-task,EEEFI-338,QA / Testing (T1) - North Dakota NDW-R (Rev 12/2022),C84708B,Minor,Done,2023-Feb-01 2:24 PM,2023-Feb-14 1:44 PM,7200,C87709B,Eforms-I9 P6 Sprint 1 - Yellow,1,,,2714597,Testing
2725565,Sub-task,EEEFI-336,Prod Review - North Carolina NC-4 NRA (Rev 11/2022),C84708B,Minor,Done,2023-Feb-01 2:23 PM,2023-Feb-17 9:49 AM,3600,C87709B,Eforms-I9 P6 Sprint 1 - Yellow,,,,2714597,
2725564,Sub-task,EEEFI-335,QA Test (T1) - North Carolina NC-4 NRA (Rev 11/2022),C86398B,Minor,Done,2023-Feb-01 2:23 PM,2023-Feb-14 3:03 PM,19800,C87709B,Eforms-I9 P6 Sprint 1 - Yellow,,,,2714597,
2714597,Story,EEEFI-233,EBT Form Update Bucket - Yellow Team - Sprint 4 (Sprint 1 in JIRA),C86398B,Moderate,Done,2023-Jan-31 12:20 PM,2023-Feb-21 8:48 AM,90000,C84618B,Eforms-I9 P6 Sprint 1 - Yellow,1,EEEFI-234,,,Estimate
2752611,Sub-task,EEEFI-579,Prod Review - assist QA,C84649B,Minor,Done,2023-Feb-13 4:17 PM,2023-Feb-13 4:18 PM,3600,C84649B,Eforms-I9 P6 Sprint 1 - Yellow,,,,2732009,
2732016,Sub-task,EEEFI-442,PBI 136662  QA Only - Form Update - Manitoba TD1MB(F) (Rev 2023/01),C86398B,Minor,Done,2023-Feb-04 5:45 PM,2023-Feb-06 12:35 PM,3600,C84684B,Eforms-I9 P6 Sprint 1 - Yellow,,,,2732009,
2732015,Sub-task,EEEFI-441,PBI 137998 Form Update - Formulario Federal W-4 (Rev 01/2023),C86398B,Minor,Done,2023-Feb-04 5:45 PM,2023-Feb-06 3:35 PM,9000,C84684B,Eforms-I9 P6 Sprint 1 - Yellow,,,,2732009,
2732014,Sub-task,EEEFI-440,PBI 138656 Bayer - Login Page Missing Custom Message with link to their SSO,C86393B,Minor,Done,2023-Feb-04 5:44 PM,2023-Feb-13 9:14 AM,9000,C84684B,Eforms-I9 P6 Sprint 1 - Yellow,,,,2732009,
2732013,Sub-task,EEEFI-439,PBI 136529 EBT Enhancement - Superseded Tab (EForm Data) - Refine Retire Button Visibility Logic and Show All Versions by SupercededID,C84708B,Minor,Done,2023-Feb-04 5:44 PM,2023-Feb-10 6:38 PM,10800,C84684B,Eforms-I9 P6 Sprint 1 - Yellow,,,,2732009,QA
2732012,Sub-task,EEEFI-438,PBI: 138113 Cont Dev and QA - Tax Withholding Form Classification Updates,C86398B,Minor,Done,2023-Feb-04 5:44 PM,2023-Feb-13 3:24 PM,15300,C84684B,Eforms-I9 P6 Sprint 1 - Yellow,,,,2732009,
2732009,Story,EEEFI-436,Sprint 0 PE.com Prod Reviews - Yellow Team,C86398B,Minor,Done,2023-Feb-04 5:36 PM,2023-Feb-13 9:14 AM,51300,C84684B,Eforms-I9 P6 Sprint 1 - Yellow,2,EEEFI-435,,,
2740613,Sub-task,EEEFI-519,EForm Deployment - 02/07,C84734B,Minor,Done,2023-Feb-07 5:50 PM,2023-Feb-07 6:18 PM,3600,C84734B,Eforms-I9 P6 Sprint 1 - Yellow,,,,2729604,
2737119,Sub-task,EEEFI-496,EForm Deployment - 02/06,C84734B,Minor,Done,2023-Feb-06 5:05 PM,2023-Feb-07 9:37 AM,3600,C84734B,Eforms-I9 P6 Sprint 1 - Yellow,,,,2729604,
2735111,Sub-task,EEEFI-479,Eform Deployment,C84649B,Minor,Done,2023-Feb-06 12:14 PM,2023-Feb-16 10:08 PM,10800,C84684B,Eforms-I9 P6 Sprint 1 - Yellow,,,,2729604,
2729604,Story,EEEFI-387,Sprint 1 - Eforms Deployment - Yellow Team,C84734B,Minor,Done,2023-Feb-02 7:27 PM,2023-Feb-17 10:25 AM,18000,C84684B,Eforms-I9 P6 Sprint 1 - Yellow,1,EEEFI-435,,,
2763167,Sub-task,EEEFI-689,Dev,C84671B,Minor,Done,2023-Feb-17 11:35 AM,2023-Feb-21 9:04 AM,,C84642B,Eforms-I9 P6 Sprint 1 - Blue,,,,2728303,
2728303,Story,EEEFI-378,Veracode and Pentest Mitigation - Twilio Event Handler - Part 1,C84642B,Major,Done,2023-Feb-02 1:39 PM,2023-Feb-21 9:03 AM,,C84671B,Eforms-I9 P6 Sprint 1 - Blue,3,EEEFI-189,,,
2734778,Sub-task,EEEFI-477,Dev,C84722B,Minor,Done,2023-Feb-06 11:40 AM,2023-Feb-21 11:07 AM,,C84684B,Eforms-I9 P6 Sprint 1 - Blue,,,,2695889,
2695889,Story,EEEFI-219,Veracode and Pentest Mitigation - Queue Transaction Service - Part 1,C84722B,Major,Done,2023-Jan-27 3:52 PM,2023-Feb-21 11:07 AM,,C84671B,Eforms-I9 P6 Sprint 1 - Blue,8,EEEFI-189,,,
2734777,Sub-task,EEEFI-476,Dev,C84757B,Minor,Done,2023-Feb-06 11:39 AM,2023-Feb-21 11:07 AM,,C84684B,Eforms-I9 P6 Sprint 1 - Blue,,,,2695884,
2695884,Story,EEEFI-218,Veracode and Pentest Mitigation - Maint - Part 2,C84757B,Major,Done,2023-Jan-27 3:42 PM,2023-Feb-21 11:07 AM,,C84671B,Eforms-I9 P6 Sprint 1 - Blue,8,EEEFI-189,,,
2725252,Sub-task,EEEFI-292,Prod Review - Nouveau-Brunswick TD1NB(F) (Rev 2023/01),C84756B,Minor,Done,2023-Feb-01 12:33 PM,2023-Feb-17 2:07 PM,7200,C87582B,Eforms-I9 P6 Sprint 1 - Blue,,,,2725245,
2725251,Sub-task,EEEFI-291,QA Test Plan Review - Nouveau-Brunswick TD1NB(F) (Rev 2023/01),C84756B,Minor,Done,2023-Feb-01 12:33 PM,2023-Feb-09 11:22 AM,1800,C87582B,Eforms-I9 P6 Sprint 1 - Blue,,,,2725245,
2725250,Sub-task,EEEFI-290,QA Test Plan Create - Nouveau-Brunswick TD1NB(F) (Rev 2023/01),C84652B,Minor,Done,2023-Feb-01 12:32 PM,2023-Feb-09 12:10 PM,1800,C87582B,Eforms-I9 P6 Sprint 1 - Blue,,,,2725245,
2725249,Sub-task,EEEFI-289,QA Testing - Nouveau-Brunswick TD1NB(F) (Rev 2023/01),C84652B,Minor,Done,2023-Feb-01 12:32 PM,2023-Feb-10 3:38 PM,27000,C87582B,Eforms-I9 P6 Sprint 1 - Blue,,,,2725245,
2725248,Sub-task,EEEFI-288,BA Demo - Nouveau-Brunswick TD1NB(F) (Rev 2023/01),C84652B,Minor,Done,2023-Feb-01 12:32 PM,2023-Feb-15 1:40 PM,900,C87582B,Eforms-I9 P6 Sprint 1 - Blue,,,,2725245,
2725247,Sub-task,EEEFI-287,Dev & Dev Testing - Nouveau-Brunswick TD1NB(F) (Rev 2023/01),C84722B,Minor,Done,2023-Feb-01 12:32 PM,2023-Feb-10 2:49 PM,,C87582B,Eforms-I9 P6 Sprint 1 - Blue,,,,2725245,
2725245,Story,EEEFI-286,Form Update - Nouveau-Brunswick TD1NB(F) (Rev 2023/01),C84722B,Minor,Done,2023-Feb-01 12:30 PM,2023-Feb-21 8:55 AM,38700,C87582B,Eforms-I9 P6 Sprint 1 - Blue,3,EEEFI-47,,,
2747434,Sub-task,EEEFI-561,QA Testing - New Brunswick TD1NB (Rev 2023/01),C85970B,Minor,Done,2023-Feb-10 10:34 AM,2023-Feb-15 7:39 PM,25200,C84652B,Eforms-I9 P6 Sprint 1 - Blue,,,,2725234,
2747433,Sub-task,EEEFI-560,QA Test Plan Create - New Brunswick TD1NB (Rev 2023/01),C85970B,Minor,Done,2023-Feb-10 10:33 AM,2023-Feb-15 7:40 PM,3600,C84652B,Eforms-I9 P6 Sprint 1 - Blue,,,,2725234,
2725242,Sub-task,EEEFI-284,QA Test Plan Review - New Brunswick TD1NB (Rev 2023/01),C84652B,Minor,Done,2023-Feb-01 12:28 PM,2023-Feb-09 11:49 AM,,C87582B,Eforms-I9 P6 Sprint 1 - Blue,,,,2725234,
2725240,Sub-task,EEEFI-283,QA Test Plan Create - New Brunswick TD1NB (Rev 2023/01),C84756B,Minor,Done,2023-Feb-01 12:28 PM,2023-Feb-08 2:31 PM,1800,C87582B,Eforms-I9 P6 Sprint 1 - Blue,,,,2725234,
2725238,Sub-task,EEEFI-282,QA Testing - New Brunswick TD1NB (Rev 2023/01),C84756B,Minor,Done,2023-Feb-01 12:28 PM,2023-Feb-10 2:49 PM,23400,C87582B,Eforms-I9 P6 Sprint 1 - Blue,,,,2725234,
2725237,Sub-task,EEEFI-281,BA Demo - New Brunswick TD1NB (Rev 2023/01),C84756B,Minor,Done,2023-Feb-01 12:28 PM,2023-Feb-10 4:47 PM,1800,C87582B,Eforms-I9 P6 Sprint 1 - Blue,,,,2725234,
2725236,Sub-task,EEEFI-280,Dev & Dev Testing - New Brunswick TD1NB (Rev 2023/01),C84722B,Minor,Done,2023-Feb-01 12:27 PM,2023-Feb-10 2:49 PM,,C87582B,Eforms-I9 P6 Sprint 1 - Blue,,,,2725234,
2725234,Story,EEEFI-279,Form Update - New Brunswick TD1NB (Rev 2023/01),C84722B,Minor,Done,2023-Feb-01 12:26 PM,2023-Feb-21 8:55 AM,55800,C87582B,Eforms-I9 P6 Sprint 1 - Blue,3,EEEFI-47,,,
2747431,Sub-task,EEEFI-559,QA Testing- Saskatchewan TD1SK(F) (Rev 2023/01),C85970B,Minor,Done,2023-Feb-10 10:32 AM,2023-Feb-14 7:18 PM,24300,C84652B,Eforms-I9 P6 Sprint 1 - Blue,,,,2725213,
2747429,Sub-task,EEEFI-558,QA Test Plan Create - Saskatchewan TD1SK(F) (Rev 2023/01),C85970B,Minor,Done,2023-Feb-10 10:31 AM,2023-Feb-14 7:17 PM,3600,C84652B,Eforms-I9 P6 Sprint 1 - Blue,,,,2725213,
2725226,Sub-task,EEEFI-277,QA Test Plan Review - Saskatchewan TD1SK(F) (Rev 2023/01),C84652B,Minor,Done,2023-Feb-01 12:22 PM,2023-Feb-15 11:25 AM,1800,C87582B,Eforms-I9 P6 Sprint 1 - Blue,,,,2725213,
2725224,Sub-task,EEEFI-276,QA Test Plan Create - Saskatchewan TD1SK(F) (Rev 2023/01),C84756B,Minor,Done,2023-Feb-01 12:22 PM,2023-Feb-13 2:09 PM,3600,C87582B,Eforms-I9 P6 Sprint 1 - Blue,,,,2725213,
2725222,Sub-task,EEEFI-275,QA Testing - Saskatchewan TD1SK(F) (Rev 2023/01),C84756B,Minor,Done,2023-Feb-01 12:21 PM,2023-Feb-15 2:54 PM,28800,C87582B,Eforms-I9 P6 Sprint 1 - Blue,,,,2725213,
2725220,Sub-task,EEEFI-274,BA Demo - Saskatchewan TD1SK(F) (Rev 2023/01),C84756B,Minor,Done,2023-Feb-01 12:21 PM,2023-Feb-15 3:45 PM,1800,C87582B,Eforms-I9 P6 Sprint 1 - Blue,,,,2725213,
2725218,Sub-task,EEEFI-273,Dev & Dev Testing - Saskatchewan TD1SK(F) (Rev 2023/01),C84683B,Minor,Done,2023-Feb-01 12:21 PM,2023-Feb-08 4:11 PM,,C87582B,Eforms-I9 P6 Sprint 1 - Blue,,,,2725213,
2725213,Story,EEEFI-272,Form Update - Saskatchewan TD1SK(F) (Rev 2023/01),C84683B,Minor,Done,2023-Feb-01 12:18 PM,2023-Feb-21 8:55 AM,85500,C87582B,Eforms-I9 P6 Sprint 1 - Blue,3,EEEFI-47,,,
2755272,Sub-task,EEEFI-612,QA Test - Bug fix,C84652B,Minor,Done,2023-Feb-14 12:51 PM,2023-Feb-16 12:06 PM,3600,C84652B,Eforms-I9 P6 Sprint 1 - Blue,,,,2725094,
2755271,Sub-task,EEEFI-611,Dev & Dev Testing - Bug Fix,C84683B,Minor,Done,2023-Feb-14 12:51 PM,2023-Feb-21 11:06 AM,,C84652B,Eforms-I9 P6 Sprint 1 - Blue,,,,2725094,
2747428,Sub-task,EEEFI-557,QA Test - Saskatchewan TD1SK (Rev 2023/01),C85970B,Minor,Done,2023-Feb-10 10:30 AM,2023-Feb-13 10:16 PM,29700,C84652B,Eforms-I9 P6 Sprint 1 - Blue,,,,2725094,
2747427,Sub-task,EEEFI-556,QA Test Plan Create - Saskatchewan TD1SK (Rev 2023/01),C85970B,Minor,Done,2023-Feb-10 10:29 AM,2023-Feb-13 10:04 PM,3600,C84652B,Eforms-I9 P6 Sprint 1 - Blue,,,,2725094,
2725209,Sub-task,EEEFI-271,Prod Review - Saskatchewan TD1SK (Rev 2023/01),C84756B,Minor,Done,2023-Feb-01 12:15 PM,2023-Feb-17 11:13 AM,7200,C87582B,Eforms-I9 P6 Sprint 1 - Blue,,,,2725094,
2725203,Sub-task,EEEFI-269,QA Test Plan Review - Saskatchewan TD1SK (Rev 2023/01),C84756B,Minor,Done,2023-Feb-01 12:11 PM,2023-Feb-09 11:13 AM,1800,C87582B,Eforms-I9 P6 Sprint 1 - Blue,,,,2725094,
2725202,Sub-task,EEEFI-268,QA Test Plan Create - Saskatchewan TD1SK (Rev 2023/01),C84652B,Minor,Done,2023-Feb-01 12:11 PM,2023-Feb-08 3:05 PM,1800,C87582B,Eforms-I9 P6 Sprint 1 - Blue,,,,2725094,
2725201,Sub-task,EEEFI-267,QA Testing - Saskatchewan TD1SK (Rev 2023/01),C84652B,Minor,Done,2023-Feb-01 12:11 PM,2023-Feb-14 5:29 PM,25200,C87582B,Eforms-I9 P6 Sprint 1 - Blue,,,,2725094,
2725200,Sub-task,EEEFI-266,BA Demo - Saskatchewan TD1SK (Rev 2023/01),C84756B,Minor,Done,2023-Feb-01 12:11 PM,2023-Feb-15 3:47 PM,1800,C87582B,Eforms-I9 P6 Sprint 1 - Blue,,,,2725094,
2725098,Sub-task,EEEFI-265,Dev & Dev Testing - Saskatchewan TD1SK (Rev 2023/01),C84683B,Minor,Done,2023-Feb-01 12:10 PM,2023-Feb-08 4:11 PM,12600,C87582B,Eforms-I9 P6 Sprint 1 - Blue,,,,2725094,
2725094,Story,EEEFI-264,Form Update - Saskatchewan TD1SK (Rev 2023/01),C84683B,Minor,Done,2023-Feb-01 12:08 PM,2023-Feb-21 11:06 AM,108900,C87582B,Eforms-I9 P6 Sprint 1 - Blue,3,EEEFI-47,,,
2748224,Sub-task,EEEFI-574,QA Test - Bug fix,C85970B,Minor,Done,2023-Feb-10 2:25 PM,2023-Feb-13 12:28 PM,3600,C85970B,Eforms-I9 P6 Sprint 1 - Blue,,,,2714897,In_Sprint_Bug
2748223,Sub-task,EEEFI-573,Dev & Dev Testing - Bug Fix,C84757B,Minor,Done,2023-Feb-10 2:25 PM,2023-Feb-13 12:30 PM,,C85970B,Eforms-I9 P6 Sprint 1 - Blue,,,,2714897,
2725534,Sub-task,EEEFI-332,QA Testing - Dollar Tree - PaychekPLUS! Disclosure (01/2023),C85970B,Minor,Done,2023-Feb-01 2:02 PM,2023-Feb-13 1:28 PM,35100,C87709B,Eforms-I9 P6 Sprint 1 - Blue,,,,2714897,
2725532,Sub-task,EEEFI-331,QA Test Plan Review - Dollar Tree - PaychekPLUS! Disclosure (01/2023),C84652B,Minor,Done,2023-Feb-01 2:02 PM,2023-Feb-09 11:17 AM,1800,C87709B,Eforms-I9 P6 Sprint 1 - Blue,,,,2714897,
2725531,Sub-task,EEEFI-330,QA Create Test Plan - Dollar Tree - PaychekPLUS! Disclosure (01/2023),C85970B,Minor,Done,2023-Feb-01 2:01 PM,2023-Feb-09 9:15 PM,3600,C87709B,Eforms-I9 P6 Sprint 1 - Blue,,,,2714897,
2725530,Sub-task,EEEFI-329,BA Demo - Dollar Tree - PaychekPLUS! Disclosure (01/2023),C85970B,Minor,Done,2023-Feb-01 2:01 PM,2023-Feb-13 3:15 PM,1800,C87709B,Eforms-I9 P6 Sprint 1 - Blue,,,,2714897,
2725527,Sub-task,EEEFI-327,Dev & Dev Testing - Dollar Tree - PaychekPLUS! Disclosure (01/2023),C84757B,Minor,Done,2023-Feb-01 2:01 PM,2023-Feb-07 1:52 PM,21600,C87709B,Eforms-I9 P6 Sprint 1 - Blue,,,,2714897,
2714897,Story,EEEFI-245,Form Update - Dollar Tree - PaychekPLUS! Disclosure (01/2023),C84757B,Minor,Done,2023-Jan-31 3:16 PM,2023-Feb-21 8:54 AM,67500,C87709B,Eforms-I9 P6 Sprint 1 - Blue,2,EEEFI-48,,,
2725469,Sub-task,EEEFI-320,QA Testing - New Hampshire Pay Schedule Acknowledgement - VSCo (Rev 02/2023),C85970B,Minor,Done,2023-Feb-01 1:57 PM,2023-Feb-09 10:23 AM,29700,C84618B,Eforms-I9 P6 Sprint 1 - Blue,,,,2725205,
2725468,Sub-task,EEEFI-319,QA Test Plan Review - New Hampshire Pay Schedule Acknowledgement - VSCo (Rev 02/2023),C84652B,Minor,Done,2023-Feb-01 1:57 PM,2023-Feb-07 2:00 PM,1800,C84618B,Eforms-I9 P6 Sprint 1 - Blue,,,,2725205,
2725467,Sub-task,EEEFI-318,QA Create Test Plan - New Hampshire Pay Schedule Acknowledgement - VSCo (Rev 02/2023),C85970B,Minor,Done,2023-Feb-01 1:57 PM,2023-Feb-07 8:24 PM,3600,C84618B,Eforms-I9 P6 Sprint 1 - Blue,,,,2725205,
2725466,Sub-task,EEEFI-317,BA Demo - New Hampshire Pay Schedule Acknowledgement - VSCo (Rev 02/2023),C85970B,Minor,Done,2023-Feb-01 1:56 PM,2023-Feb-08 4:34 PM,1800,C84618B,Eforms-I9 P6 Sprint 1 - Blue,,,,2725205,
2725462,Sub-task,EEEFI-315,Dev and Dev Testing - New Hampshire Pay Schedule Acknowledgement - VSCo (Rev 02/2023),C84722B,Minor,Done,2023-Feb-01 1:55 PM,2023-Feb-07 8:38 AM,,C84618B,Eforms-I9 P6 Sprint 1 - Blue,,,,2725205,
2725205,Story,EEEFI-270,Form Update - New Hampshire Pay Schedule Acknowledgement - VSCo (Rev 02/2023),C84722B,Moderate,Done,2023-Feb-01 12:13 PM,2023-Feb-21 8:54 AM,36900,C84618B,Eforms-I9 P6 Sprint 1 - Blue,2,EEEFI-48,,,estimation
2734756,Sub-task,EEEFI-475,Prod Review,C84756B,Minor,Done,2023-Feb-06 11:31 AM,2023-Feb-08 12:14 PM,3600,C87709B,Eforms-I9 P6 Sprint 1 - Blue,,,,2734450,
2734755,Sub-task,EEEFI-474,BA Demo,C85970B,Minor,Done,2023-Feb-06 11:31 AM,2023-Feb-09 12:53 PM,1800,C87709B,Eforms-I9 P6 Sprint 1 - Blue,,,,2734450,
2734754,Sub-task,EEEFI-473,QA Test Plan Review,C84756B,Minor,Done,2023-Feb-06 11:31 AM,2023-Feb-07 12:00 PM,1800,C87709B,Eforms-I9 P6 Sprint 1 - Blue,,,,2734450,
2734753,Sub-task,EEEFI-472,QA Test Plan Create,C85970B,Minor,Done,2023-Feb-06 11:31 AM,2023-Feb-09 12:58 PM,1800,C87709B,Eforms-I9 P6 Sprint 1 - Blue,,,,2734450,
2734752,Sub-task,EEEFI-471,QA: Testing ,C85970B,Minor,Done,2023-Feb-06 11:31 AM,2023-Feb-09 12:56 PM,900,C87709B,Eforms-I9 P6 Sprint 1 - Blue,,,,2734450,
2734751,Sub-task,EEEFI-470,Dev & Dev Testing,C84683B,Minor,Done,2023-Feb-06 11:31 AM,2023-Feb-06 12:24 PM,900,C87709B,Eforms-I9 P6 Sprint 1 - Blue,,,,2734450,
2734450,Bug,EEEFI-459,"Form Bug - VSCo - Emeryville, California Right to Rest - VSCo",C84683B,Minor,Done,2023-Feb-06 10:27 AM,2023-Feb-09 12:58 PM,10800,C87709B,Eforms-I9 P6 Sprint 1 - Blue,1,EEEFI-48,,,
2732021,Sub-task,EEEFI-447,PBI: 139138 Maint - EForm Assignment Display Order,C84652B,Minor,Done,2023-Feb-04 5:55 PM,2023-Feb-14 10:20 AM,7200,C84684B,Eforms-I9 P6 Sprint 1 - Blue,,,,2732010,
2732020,Sub-task,EEEFI-446,PBI: 138174 - Cont Dev and QA - Script Request - Withholding Form Expirations,C84756B,Minor,Done,2023-Feb-04 5:54 PM,2023-Feb-13 12:45 PM,3600,C84684B,Eforms-I9 P6 Sprint 1 - Blue,,,,2732010,
2732019,Sub-task,EEEFI-445,PBI: 136099 - Maint - Send Workday Local Defaults Functionality Update,C84652B,Minor,Done,2023-Feb-04 5:53 PM,2023-Feb-13 1:33 PM,5400,C84684B,Eforms-I9 P6 Sprint 1 - Blue,,,,2732010,
2732018,Sub-task,EEEFI-444,PBI 136013 - Maint Enhancement - New Form Auto Assignments Tab,C84652B,Minor,Done,2023-Feb-04 5:53 PM,2023-Feb-13 12:31 PM,3600,C84684B,Eforms-I9 P6 Sprint 1 - Blue,,,,2732010,
2732017,Sub-task,EEEFI-443,PBI: 137784 Security - Veracode Vulnerabilities (PE.com),C84756B,Minor,Done,2023-Feb-04 5:51 PM,2023-Feb-13 11:31 AM,7200,C84684B,Eforms-I9 P6 Sprint 1 - Blue,,,,2732010,
2732010,Story,EEEFI-437,Sprint 0 PE.com Prod Reviews - Blue Team,C84652B,Minor,Done,2023-Feb-04 5:37 PM,2023-Feb-13 5:30 PM,27000,C84684B,Eforms-I9 P6 Sprint 1 - Blue,1,EEEFI-435,,,
2738895,Sub-task,EEEFI-505,QA Test (T1) - New Jersey Paid Sick Leave Notice (Rev 12/2021),C84756B,Minor,Done,2023-Feb-07 10:34 AM,2023-Feb-09 10:55 AM,14400,C84618B,Eforms-I9 P6 Sprint 1 - Blue,,,,2714596,
2734176,Sub-task,EEEFI-458,Prod Review - Rhode Island RI W-4 (Rev 01/2023),C84756B,Minor,Done,2023-Feb-06 9:30 AM,2023-Feb-06 2:08 PM,7200,C84684B,Eforms-I9 P6 Sprint 1 - Blue,,,,2714596,
2731035,Sub-task,EEEFI-408,Prod Review - New Jersey Paid Sick Leave Notice (Rev 12/2021),C84756B,Minor,Done,2023-Feb-03 12:25 PM,2023-Feb-17 3:05 PM,7200,C84777B,Eforms-I9 P6 Sprint 1 - Blue,,,,2714596,
2714596,Story,EEEFI-232,EBT Form Update Bucket - Blue Team - Sprint 4 (Sprint 1 in JIRA),C84684B,Moderate,Done,2023-Jan-31 12:18 PM,2023-Feb-21 8:51 AM,28800,C84618B,Eforms-I9 P6 Sprint 1 - Blue,1,EEEFI-234,,,Estimate
2783900,Story,EEEFI-800,Prod Support - Prudential - Unable to update new Apigee key,C84649B,Minor,Done,2023-Feb-27 2:29 PM,2023-Mar-03 2:42 PM,10800,C84649B,Eforms-I9 P6 Sprint 2 - Yellow,1,EEEFI-235,,,
2777699,Story,EEEFI-787,Security - Pen Test Applications setup/demo,C84649B,Minor,Done,2023-Feb-23 3:09 PM,2023-Mar-06 10:19 AM,111600,C84649B,Eforms-I9 P6 Sprint 2 - Yellow,5,EEEFI-189,,,
2789528,Sub-task,EEEFI-818,QA Test Plan Create,C84708B,Minor,Done,2023-Mar-01 10:07 AM,2023-Mar-03 1:40 PM,1800,C84642B,Eforms-I9 P6 Sprint 2 - Yellow,,,,2774684,
2789527,Sub-task,EEEFI-817,QA Testing ,C84708B,Minor,Done,2023-Mar-01 10:07 AM,2023-Mar-03 9:32 AM,3600,C84642B,Eforms-I9 P6 Sprint 2 - Yellow,,,,2774684,
2789525,Sub-task,EEEFI-816,Dev & Dev Testing,C84734B,Minor,Done,2023-Mar-01 10:07 AM,2023-Mar-01 11:50 AM,7200,C84642B,Eforms-I9 P6 Sprint 2 - Yellow,,,,2774684,
2774684,Story,EEEFI-771,"Script Request - Assignment of ""New Jersey Paid Sick Leave Notice"" New Version and Retirement of Previous Version",C84734B,Minor,Done,2023-Feb-22 4:24 PM,2023-Mar-06 10:18 AM,12600,C84642B,Eforms-I9 P6 Sprint 2 - Yellow,,EEEFI-236,,,
2727902,Sub-task,EEEFI-374,Demo to BA/PO/PSE,C84734B,Minor,Done,2023-Feb-02 11:35 AM,2023-Mar-01 6:26 PM,1800,C87582B,Eforms-I9 P6 Sprint 2 - Yellow,,,,2725496,
2727901,Sub-task,EEEFI-373,Documentation,C84734B,Minor,Done,2023-Feb-02 11:34 AM,2023-Feb-24 5:42 PM,3600,C87582B,Eforms-I9 P6 Sprint 2 - Yellow,,,,2725496,
2727900,Sub-task,EEEFI-372,Dev & Dev Research,C84734B,Minor,Done,2023-Feb-02 11:34 AM,2023-Feb-28 9:48 AM,57600,C87582B,Eforms-I9 P6 Sprint 2 - Yellow,,,,2725496,
2725496,Story,EEEFI-342,Dev Research - Dollar Tree - Exports Time Out Errors,C84734B,Minor,Done,2023-Feb-01 2:51 PM,2023-Mar-01 4:01 PM,63000,C87582B,Eforms-I9 P6 Sprint 2 - Yellow,3,EEEFI-235,,,
2731108,Sub-task,EEEFI-405,QA Test Plan Review,C84708B,Moderate,Done,2023-Feb-03 11:48 AM,2023-Mar-03 4:01 PM,3600,C84618B,Eforms-I9 P6 Sprint 2 - Yellow,,,,2725935,
2731107,Sub-task,EEEFI-404,QA Test Plan Create,C86398B,Moderate,Done,2023-Feb-03 11:48 AM,2023-Mar-03 8:08 AM,5400,C84618B,Eforms-I9 P6 Sprint 2 - Yellow,,,,2725935,
2731106,Sub-task,EEEFI-403,QA Testing,C86398B,Moderate,Done,2023-Feb-03 11:47 AM,2023-Mar-03 4:04 PM,25200,C84618B,Eforms-I9 P6 Sprint 2 - Yellow,,,,2725935,
2731105,Sub-task,EEEFI-402,Dev & Dev Testing,C84734B,Moderate,Done,2023-Feb-03 11:47 AM,2023-Mar-01 6:23 PM,18000,C84618B,Eforms-I9 P6 Sprint 2 - Yellow,,,,2725935,
2725935,Story,EEEFI-356,Qurate Retail Group (QVC) - Request to have Email Addresses/Name Change Pull in via the Workday Batch Sync,C86398B,Moderate,Done,2023-Feb-01 7:29 PM,2023-Mar-06 10:14 AM,52200,C84618B,Eforms-I9 P6 Sprint 2 - Yellow,2,EEEFI-235,,,Estimate
2772022,Sub-task,EEEFI-726,BA Demo,C84708B,Minor,Done,2023-Feb-21 10:45 AM,2023-Mar-03 4:06 PM,900,C84642B,Eforms-I9 P6 Sprint 2 - Yellow,,,,2742450,
2772021,Sub-task,EEEFI-725,QA Test Plan Review,C86393B,Minor,Done,2023-Feb-21 10:45 AM,2023-Mar-03 4:04 PM,1800,C84642B,Eforms-I9 P6 Sprint 2 - Yellow,,,,2742450,
2772020,Sub-task,EEEFI-724,QA Test Plan Create,C84708B,Minor,Done,2023-Feb-21 10:45 AM,2023-Mar-03 1:18 PM,1800,C84642B,Eforms-I9 P6 Sprint 2 - Yellow,,,,2742450,
2772019,Sub-task,EEEFI-723,QA Testing ,C84708B,Minor,Done,2023-Feb-21 10:45 AM,2023-Mar-03 9:25 AM,3600,C84642B,Eforms-I9 P6 Sprint 2 - Yellow,,,,2742450,
2772018,Sub-task,EEEFI-722,Dev & Dev Testing,C84734B,Minor,Done,2023-Feb-21 10:45 AM,2023-Feb-23 2:23 PM,14400,C84642B,Eforms-I9 P6 Sprint 2 - Yellow,,,,2742450,
2742450,Story,EEEFI-521,EBT Update - EForm Properties Tab - Dynamic Values for Classification Dropdown,C84734B,Minor,Done,2023-Feb-08 10:45 AM,2023-Mar-04 2:40 PM,22500,C84642B,Eforms-I9 P6 Sprint 2 - Yellow,1,EEEFI-522,,,
2772036,Sub-task,EEEFI-740,QA Test Plan Review,C86398B,Minor,Done,2023-Feb-21 10:48 AM,2023-Mar-01 2:33 PM,3600,C84649B,Eforms-I9 P6 Sprint 2 - Yellow,,,,2763734,
2772035,Sub-task,EEEFI-739,QA Test Plan Create,C86393B,Minor,Done,2023-Feb-21 10:48 AM,2023-Feb-27 11:53 AM,5400,C84649B,Eforms-I9 P6 Sprint 2 - Yellow,,,,2763734,
2772034,Sub-task,EEEFI-738,QA: Testing ,C86393B,Minor,Done,2023-Feb-21 10:48 AM,2023-Mar-01 8:56 AM,25200,C84649B,Eforms-I9 P6 Sprint 2 - Yellow,,,,2763734,
2772033,Sub-task,EEEFI-737,Dev & Dev Testing,C84649B,Minor,Done,2023-Feb-21 10:48 AM,2023-Feb-27 3:32 PM,14400,C84649B,Eforms-I9 P6 Sprint 2 - Yellow,,,,2763734,
2763734,Story,EEEFI-694,Veracode flaw #209 Generation of Error Message Containing Sensitive Information (AuthorizedRepresentative API),C84649B,Minor,Done,2023-Feb-17 2:43 PM,2023-Mar-06 10:14 AM,48600,C84649B,Eforms-I9 P6 Sprint 2 - Yellow,2,EEEFI-189,,,
2772043,Story,EEEFI-743,Veracode Mitigation Reviews,C84671B,Minor,Done,2023-Feb-21 11:00 AM,2023-Mar-14 8:58 AM,32400,C84642B,Eforms-I9 P6 Sprint 2 - Yellow,1,EEEFI-189,,,
2763170,Sub-task,EEEFI-691,Dev,C84671B,Minor,Done,2023-Feb-17 11:36 AM,2023-Feb-23 9:10 AM,28800,C84642B,Eforms-I9 P6 Sprint 2 - Yellow,,,,2763169,
2763169,Story,EEEFI-690,Veracode and Pentest Mitigation - Twilio Event Handler - Part 2,C84671B,Major,Done,2023-Feb-17 11:36 AM,2023-Feb-23 9:10 AM,28800,C84671B,Eforms-I9 P6 Sprint 2 - Yellow,3,EEEFI-189,,,
2772029,Sub-task,EEEFI-733,QA Test Plan Review,C86393B,Moderate,Done,2023-Feb-21 10:47 AM,2023-Mar-06 8:18 AM,1800,C84671B,Eforms-I9 P6 Sprint 2 - Yellow,,,,2761381,
2772028,Sub-task,EEEFI-732,QA Test Plan Create,C84708B,Moderate,Done,2023-Feb-21 10:47 AM,2023-Mar-03 3:53 PM,1800,C84671B,Eforms-I9 P6 Sprint 2 - Yellow,,,,2761381,
2772027,Sub-task,EEEFI-731,QA Testing ,C84708B,Moderate,Done,2023-Feb-21 10:47 AM,2023-Mar-03 3:21 PM,7200,C84671B,Eforms-I9 P6 Sprint 2 - Yellow,,,,2761381,
2772026,Sub-task,EEEFI-730,Dev & Dev Testing,C84671B,Moderate,Done,2023-Feb-21 10:47 AM,2023-Mar-02 12:30 PM,43200,C84671B,Eforms-I9 P6 Sprint 2 - Yellow,,,,2761381,
2761381,Story,EEEFI-682,Remove usages of MD5 hashing algorithm in PE.com code and Encryption project,C84671B,Moderate,Done,2023-Feb-16 4:12 PM,2023-Mar-06 9:32 AM,54000,C84671B,Eforms-I9 P6 Sprint 2 - Yellow,3,EEEFI-189,,,
2760780,Sub-task,EEEFI-658,BA Demo - Yukon TD1YT (Rev 2023/01),C86398B,Minor,Done,2023-Feb-16 11:37 AM,2023-Mar-02 4:38 PM,1800,C87582B,Eforms-I9 P6 Sprint 2 - Yellow,,,,2760774,
2760779,Sub-task,EEEFI-657,QA Test Plan Review,C86393B,Minor,Done,2023-Feb-16 11:37 AM,2023-Feb-22 12:53 PM,1800,C87582B,Eforms-I9 P6 Sprint 2 - Yellow,,,,2760774,
2760778,Sub-task,EEEFI-656,QA Test Plan Create - Yukon TD1YT (Rev 2023/01),C86398B,Minor,Done,2023-Feb-16 11:37 AM,2023-Feb-22 9:12 AM,3600,C87582B,Eforms-I9 P6 Sprint 2 - Yellow,,,,2760774,
2760777,Sub-task,EEEFI-655,QA: Testing - Yukon TD1YT (Rev 2023/01),C86398B,Minor,Done,2023-Feb-16 11:37 AM,2023-Mar-02 11:31 AM,22500,C87582B,Eforms-I9 P6 Sprint 2 - Yellow,,,,2760774,
2760776,Sub-task,EEEFI-654,Dev & Dev Testing,C84671B,Minor,Done,2023-Feb-16 11:37 AM,2023-Mar-01 3:36 PM,18000,C87582B,Eforms-I9 P6 Sprint 2 - Yellow,,,,2760774,
2760774,Story,EEEFI-653,Form Update - Yukon TD1YT (Rev 2023/01),C87582B,Minor,Done,2023-Feb-16 11:35 AM,2023-Mar-04 2:40 PM,47700,C87582B,Eforms-I9 P6 Sprint 2 - Yellow,3,EEEFI-47,,,
2745808,Sub-task,EEEFI-541,BA Demo,C86393B,Minor,Done,2023-Feb-09 1:33 PM,2023-Feb-27 12:44 PM,1800,C87582B,Eforms-I9 P6 Sprint 2 - Yellow,,,,2745803,
2745807,Sub-task,EEEFI-540,QA Test Plan Review - Oklahoma OW-9-MSE (Rev 12/2022),C86398B,Minor,Done,2023-Feb-09 1:33 PM,2023-Feb-24 10:18 AM,3600,C87582B,Eforms-I9 P6 Sprint 2 - Yellow,,,,2745803,
2745806,Sub-task,EEEFI-539,QA Test Plan Create,C86393B,Minor,Done,2023-Feb-09 1:33 PM,2023-Feb-22 3:32 PM,,C87582B,Eforms-I9 P6 Sprint 2 - Yellow,,,,2745803,
2745805,Sub-task,EEEFI-538,QA: Testing ,C86393B,Minor,Done,2023-Feb-09 1:33 PM,2023-Feb-24 10:19 AM,21600,C87582B,Eforms-I9 P6 Sprint 2 - Yellow,,,,2745803,
2745804,Sub-task,EEEFI-537,Dev & Dev Testing,C84649B,Minor,Done,2023-Feb-09 1:33 PM,2023-Feb-22 4:57 PM,14400,C87582B,Eforms-I9 P6 Sprint 2 - Yellow,,,,2745803,
2745803,Story,EEEFI-536,Form Update - Oklahoma OW-9-MSE (Rev 12/2022),C86393B,Minor,Done,2023-Feb-09 1:30 PM,2023-Feb-27 12:44 PM,41400,C87582B,Eforms-I9 P6 Sprint 2 - Yellow,1,EEEFI-47,,,
2772024,Sub-task,EEEFI-728,BA Demo,C84708B,Minor,Done,2023-Feb-21 10:46 AM,2023-Mar-02 8:44 PM,1800,C84642B,Eforms-I9 P6 Sprint 2 - Yellow,,,,2685429,
2725295,Sub-task,EEEFI-313,QA Test Plan Review,C86393B,Minor,Done,2023-Feb-01 12:55 PM,2023-Mar-03 8:58 AM,1800,C87582B,Eforms-I9 P6 Sprint 2 - Yellow,,,,2685429,
2725294,Sub-task,EEEFI-312,QA Test Plan Create,C84708B,Minor,Done,2023-Feb-01 12:55 PM,2023-Mar-02 9:54 PM,1800,C87582B,Eforms-I9 P6 Sprint 2 - Yellow,,,,2685429,
2725293,Sub-task,EEEFI-311,QA Testing,C84708B,Minor,Done,2023-Feb-01 12:54 PM,2023-Mar-01 11:41 AM,14400,C87582B,Eforms-I9 P6 Sprint 2 - Yellow,,,,2685429,
2725291,Sub-task,EEEFI-309,Dev,C84734B,Minor,Done,2023-Feb-01 12:54 PM,2023-Feb-22 1:34 PM,10800,C87582B,Eforms-I9 P6 Sprint 2 - Yellow,,,,2685429,
2685429,Story,EEEFI-81,Script Request - Form Expirations - Canadian Withholding Forms and Compliance Library Form,C84734B,Minor,Done,2023-Jan-24 2:18 PM,2023-Mar-03 6:19 PM,30600,C87582B,Eforms-I9 P6 Sprint 2 - Yellow,2,EEEFI-47,,,
2759005,Sub-task,EEEFI-633,BA Demo - Maryland MW 507M (Rev 09/2022),C84708B,Minor,Done,2023-Feb-15 3:54 PM,2023-Mar-03 6:19 PM,1800,C87709B,Eforms-I9 P6 Sprint 2 - Yellow,,,,2758794,
2759004,Sub-task,EEEFI-632,QA Test Plan Review - Maryland MW 507M (Rev 09/2022),C86398B,Minor,Done,2023-Feb-15 3:53 PM,2023-Feb-28 11:52 AM,3600,C87709B,Eforms-I9 P6 Sprint 2 - Yellow,,,,2758794,
2759002,Sub-task,EEEFI-631,QA Test Plan Create - Maryland MW 507M (Rev 09/2022),C84708B,Minor,Done,2023-Feb-15 3:53 PM,2023-Feb-27 8:00 PM,3600,C87709B,Eforms-I9 P6 Sprint 2 - Yellow,,,,2758794,
2759001,Sub-task,EEEFI-630,QA Testing - Maryland MW 507M (Rev 09/2022),C84708B,Minor,Done,2023-Feb-15 3:53 PM,2023-Feb-27 7:55 PM,12600,C87709B,Eforms-I9 P6 Sprint 2 - Yellow,,,,2758794,
2758799,Sub-task,EEEFI-629,Dev & Dev Testing Maryland MW 507M (Rev 09/2022),C84649B,Minor,Done,2023-Feb-15 3:52 PM,2023-Feb-23 4:48 PM,7200,C87709B,Eforms-I9 P6 Sprint 2 - Yellow,,,,2758794,
2758794,Story,EEEFI-628,Form Update - Maryland MW 507M (Rev 09/2022),C84649B,Minor,Done,2023-Feb-15 3:47 PM,2023-Mar-04 2:40 PM,28800,C87709B,Eforms-I9 P6 Sprint 2 - Yellow,2,EEEFI-47,,,
2771683,Sub-task,EEEFI-716,BA Demo,C86398B,Minor,Done,2023-Feb-21 9:50 AM,2023-Feb-24 11:18 AM,2700,C84777B,Eforms-I9 P6 Sprint 2 - Yellow,,,,2771676,
2771682,Sub-task,EEEFI-715,QA Test Plan Review,C86393B,Minor,Done,2023-Feb-21 9:50 AM,2023-Feb-24 10:02 AM,,C84777B,Eforms-I9 P6 Sprint 2 - Yellow,,,,2771676,
2771681,Sub-task,EEEFI-714,QA Test Plan Create,C86398B,Minor,Done,2023-Feb-21 9:50 AM,2023-Feb-24 9:34 AM,3600,C84777B,Eforms-I9 P6 Sprint 2 - Yellow,,,,2771676,
2771680,Sub-task,EEEFI-713,QA: Testing ,C86398B,Minor,Done,2023-Feb-21 9:50 AM,2023-Feb-24 4:39 PM,22500,C84777B,Eforms-I9 P6 Sprint 2 - Yellow,,,,2771676,
2771679,Sub-task,EEEFI-712,Dev & Dev Testing,C84734B,Minor,Done,2023-Feb-21 9:50 AM,2023-Feb-23 2:57 PM,14400,C84777B,Eforms-I9 P6 Sprint 2 - Yellow,,,,2771676,
2771676,Story,EEEFI-711,Form Update - Compliance Library - DC Notice of Hire - Employment Status and Acknowledgment of Wage Rate(s),C84734B,Minor,Done,2023-Feb-21 9:49 AM,2023-Mar-04 2:40 PM,43200,C84777B,Eforms-I9 P6 Sprint 2 - Yellow,2,EEEFI-236,,,
2795382,Sub-task,EEEFI-872,Dev & Dev Testing - Bug Fix,C84671B,Minor,Done,2023-Mar-03 1:39 PM,2023-Mar-03 1:41 PM,10800,C84671B,Eforms-I9 P6 Sprint 2 - Yellow,,,,2745887,
2793554,Sub-task,EEEFI-870,QA Test - Bug Fix,C84708B,Minor,Done,2023-Mar-02 3:36 PM,2023-Mar-02 3:37 PM,10800,C84708B,Eforms-I9 P6 Sprint 2 - Yellow,,,,2745887,Bug
2792192,Sub-task,EEEFI-846,Dev & Dev Testing - Bug Fix,C84734B,Minor,Done,2023-Mar-02 9:48 AM,2023-Mar-02 1:31 PM,7200,C84708B,Eforms-I9 P6 Sprint 2 - Yellow,,,,2745887,Bug
2789994,Sub-task,EEEFI-828,QA Test Plan Create,C84708B,Minor,Done,2023-Mar-01 12:23 PM,2023-Mar-02 10:17 PM,5400,C84708B,Eforms-I9 P6 Sprint 2 - Yellow,,,,2745887,
2745892,Sub-task,EEEFI-554,BA Demo,C84708B,Minor,Done,2023-Feb-09 3:56 PM,2023-Mar-03 6:16 PM,3600,C87582B,Eforms-I9 P6 Sprint 2 - Yellow,,,,2745887,
2745891,Sub-task,EEEFI-553,QA Test Plan Review - Wellington Management Alternate Work State Withholding Allocation Form (Rev 02/2023),C86398B,Minor,Done,2023-Feb-09 3:56 PM,2023-Mar-03 9:02 AM,7200,C87582B,Eforms-I9 P6 Sprint 2 - Yellow,,,,2745887,
2745890,Sub-task,EEEFI-552,QA Test Plan Create,C86393B,Minor,Done,2023-Feb-09 3:56 PM,2023-Feb-24 3:34 PM,7200,C87582B,Eforms-I9 P6 Sprint 2 - Yellow,,,,2745887,
2745889,Sub-task,EEEFI-551,QA Testing ,C84708B,Minor,Done,2023-Feb-09 3:56 PM,2023-Mar-02 3:41 PM,16200,C87582B,Eforms-I9 P6 Sprint 2 - Yellow,,,,2745887,
2745888,Sub-task,EEEFI-550,Dev & Dev Testing,C84734B,Minor,Done,2023-Feb-09 3:56 PM,2023-Mar-01 10:21 AM,25200,C87582B,Eforms-I9 P6 Sprint 2 - Yellow,,,,2745887,
2745887,Story,EEEFI-549,New Form - Wellington Management Alternate Work State Withholding Allocation Form (Rev 02/2023),C86393B,Minor,Done,2023-Feb-09 3:55 PM,2023-Mar-04 2:40 PM,93600,C87582B,Eforms-I9 P6 Sprint 2 - Yellow,3,EEEFI-48,,,
2782712,Sub-task,EEEFI-798,QA Test - Bug fix,C86398B,Minor,Done,2023-Feb-27 10:26 AM,2023-Feb-27 4:21 PM,1800,C86398B,Eforms-I9 P6 Sprint 2 - Yellow,,,,2757731,In_Sprint_Bug
2782711,Sub-task,EEEFI-797,Dev & Dev Testing - Bug Fix,C84671B,Minor,Done,2023-Feb-27 10:26 AM,2023-Feb-28 8:39 AM,900,C86398B,Eforms-I9 P6 Sprint 2 - Yellow,,,,2757731,In_Sprint_Bug
2757743,Sub-task,EEEFI-623,QA Testing - VSCo - Oregon Right to Rest (Hourly Associates) - VSCo (02/2023),C86398B,Minor,Done,2023-Feb-15 10:43 AM,2023-Feb-28 7:52 AM,20700,C87709B,Eforms-I9 P6 Sprint 2 - Yellow,,,,2757731,
2757742,Sub-task,EEEFI-622,QA Test Plan Review - VSCo - Oregon Right to Rest (Hourly Associates) - VSCo (02/2023),C84708B,Minor,Done,2023-Feb-15 10:43 AM,2023-Mar-02 10:00 PM,1800,C87709B,Eforms-I9 P6 Sprint 2 - Yellow,,,,2757731,
2757740,Sub-task,EEEFI-621,QA Create Test Plan - VSCo - Oregon Right to Rest (Hourly Associates) - VSCo (02/2023),C86398B,Minor,Done,2023-Feb-15 10:42 AM,2023-Feb-21 2:43 PM,3600,C87709B,Eforms-I9 P6 Sprint 2 - Yellow,,,,2757731,
2757737,Sub-task,EEEFI-620,BA Demo - VSCo - Oregon Right to Rest (Hourly Associates) - VSCo (02/2023),C86398B,Minor,Done,2023-Feb-15 10:42 AM,2023-Feb-28 10:58 AM,1800,C87709B,Eforms-I9 P6 Sprint 2 - Yellow,,,,2757731,
2757735,Sub-task,EEEFI-618,Dev & Dev Testing - VSCo - Oregon Right to Rest (Hourly Associates) - VSCo (02/2023),C84671B,Minor,Done,2023-Feb-15 10:41 AM,2023-Feb-24 3:19 PM,18000,C87709B,Eforms-I9 P6 Sprint 2 - Yellow,,,,2757731,
2757731,Story,EEEFI-617,Form Update - VSCo - Oregon Right to Rest (Hourly Associates) - VSCo (02/2023),C87709B,Minor,Done,2023-Feb-15 10:39 AM,2023-Mar-04 2:41 PM,48600,C87709B,Eforms-I9 P6 Sprint 2 - Yellow,2,EEEFI-48,,,
2752807,Sub-task,EEEFI-605,BA Demo,C86393B,Minor,Done,2023-Feb-13 4:44 PM,2023-Mar-02 4:21 PM,1800,C87582B,Eforms-I9 P6 Sprint 2 - Yellow,,,,2752801,
2752806,Sub-task,EEEFI-604,QA Test Plan Review,C84708B,Minor,Done,2023-Feb-13 4:44 PM,2023-Mar-03 10:18 AM,3600,C87582B,Eforms-I9 P6 Sprint 2 - Yellow,,,,2752801,
2752805,Sub-task,EEEFI-603,QA Test Plan Create,C86393B,Minor,Done,2023-Feb-13 4:44 PM,2023-Mar-03 10:33 AM,7200,C87582B,Eforms-I9 P6 Sprint 2 - Yellow,,,,2752801,
2752804,Sub-task,EEEFI-602,QA: Testing ,C86393B,Minor,Done,2023-Feb-13 4:44 PM,2023-Mar-02 11:09 AM,21600,C87582B,Eforms-I9 P6 Sprint 2 - Yellow,,,,2752801,
2752803,Sub-task,EEEFI-601,Dev & Dev Testing,C84649B,Minor,Done,2023-Feb-13 4:44 PM,2023-Feb-28 4:41 PM,32400,C87582B,Eforms-I9 P6 Sprint 2 - Yellow,,,,2752801,
2752801,Story,EEEFI-600,"New Form - Los Angeles, CA Right to Rest and Notice, Hourly Associates - VSCo (Rev 02/2023)",C86393B,Minor,Done,2023-Feb-13 4:43 PM,2023-Mar-04 2:39 PM,66600,C87582B,Eforms-I9 P6 Sprint 2 - Yellow,2,EEEFI-48,,,
2752590,Sub-task,EEEFI-591,QA Test Plan Review,C86393B,Minor,Done,2023-Feb-13 4:35 PM,2023-Feb-24 3:12 PM,1800,C87582B,Eforms-I9 P6 Sprint 2 - Yellow,,,,2752586,
2752589,Sub-task,EEEFI-590,QA Test Plan Create,C84708B,Minor,Done,2023-Feb-13 4:35 PM,2023-Feb-24 1:29 PM,3600,C87582B,Eforms-I9 P6 Sprint 2 - Yellow,,,,2752586,
2752588,Sub-task,EEEFI-589,QA Testing,C84708B,Minor,Done,2023-Feb-13 4:35 PM,2023-Feb-24 10:00 AM,14400,C87582B,Eforms-I9 P6 Sprint 2 - Yellow,,,,2752586,
2752587,Sub-task,EEEFI-588,Dev & Dev Testing,C84649B,Minor,Done,2023-Feb-13 4:35 PM,2023-Feb-24 4:25 PM,25200,C87582B,Eforms-I9 P6 Sprint 2 - Yellow,,,,2752586,
2752586,Story,EEEFI-587,New Form - City of LA Right to Rest - BBW (Rev 02/2023),C84649B,Minor,Done,2023-Feb-13 4:34 PM,2023-Mar-06 10:13 AM,45000,C87582B,Eforms-I9 P6 Sprint 2 - Yellow,2,EEEFI-48,,,
2752580,Sub-task,EEEFI-585,BA Demo - Form Update - Pay Method Instructions - VSCo (Rev 02/2023),C86398B,Minor,Done,2023-Feb-13 4:23 PM,2023-Feb-23 10:16 AM,1800,C87582B,Eforms-I9 P6 Sprint 2 - Yellow,,,,2752573,
2752579,Sub-task,EEEFI-584,QA Test Plan Review,C86393B,Minor,Done,2023-Feb-13 4:23 PM,2023-Feb-22 12:50 PM,1800,C87582B,Eforms-I9 P6 Sprint 2 - Yellow,,,,2752573,
2752578,Sub-task,EEEFI-583,QA Test Plan Create - Pay Method Instructions - VSCo (Rev 02/2023),C86398B,Minor,Done,2023-Feb-13 4:23 PM,2023-Feb-21 2:46 PM,3600,C87582B,Eforms-I9 P6 Sprint 2 - Yellow,,,,2752573,
2752577,Sub-task,EEEFI-582,QA: Testing - Form Update - Pay Method Instructions - VSCo (Rev 02/2023),C86398B,Minor,Done,2023-Feb-13 4:23 PM,2023-Feb-22 3:57 PM,14400,C87582B,Eforms-I9 P6 Sprint 2 - Yellow,,,,2752573,
2752576,Sub-task,EEEFI-581,Dev & Dev Testing,C84734B,Minor,Done,2023-Feb-13 4:23 PM,2023-Feb-22 10:34 AM,12600,C87582B,Eforms-I9 P6 Sprint 2 - Yellow,,,,2752573,
2752573,Story,EEEFI-580,Form Update - Pay Method Instructions - VSCo (Rev 02/2023),C84734B,Minor,Done,2023-Feb-13 4:17 PM,2023-Mar-04 2:39 PM,34200,C87582B,Eforms-I9 P6 Sprint 2 - Yellow,2,EEEFI-48,,,
2794783,Sub-task,EEEFI-871,Database Catchup,C84722B,Minor,Done,2023-Mar-03 10:07 AM,2023-Mar-03 10:08 AM,5400,C84722B,Eforms-I9 P6 Sprint 2 - Yellow,,,,2761070,
2772032,Sub-task,EEEFI-736,Dev,C84671B,Minor,Done,2023-Feb-21 10:47 AM,2023-Mar-03 2:29 PM,57600,C84642B,Eforms-I9 P6 Sprint 2 - Yellow,,,,2761070,
2761070,Story,EEEFI-670,Government DevOps Release Process Follow Ups and Release Engineer Collaboration,C84671B,Minor,Done,2023-Feb-16 1:00 PM,2023-Mar-14 5:13 PM,63000,C84642B,Eforms-I9 P6 Sprint 2 - Yellow,2,EEEFI-57,,,
2727767,Sub-task,EEEFI-364,Prod Review - Victoria's Secret (Beta)- Request to have BBW companies Removed from drop-down menus on two custom reports (beta-vsco site),C86393B,Minor,Done,2023-Feb-02 11:25 AM,2023-Feb-27 8:49 AM,5400,C84618B,Eforms-I9 P6 Sprint 2 - Yellow,,,,2771626,
2771626,Story,EEEFI-709,Sprint 1 PE.com Prod Reviews - Yellow Team,C86393B,Minor,Done,2023-Feb-21 8:45 AM,2023-Mar-01 8:56 AM,5400,C84684B,Eforms-I9 P6 Sprint 2 - Yellow,1,EEEFI-435,,,
2800559,Sub-task,EEEFI-953,QA Bug Test - Yukon TD1YT(F) (Rev 2023/01),C86393B,Minor,Done,2023-Mar-06 3:34 PM,2023-Mar-07 9:03 AM,5400,C86393B,Eforms-I9 P6 Sprint 2 - Yellow,,,,2760784,
2800558,Sub-task,EEEFI-952,Dev Bug Fix - Yukon TD1YT(F) (Rev 2023/01),C84649B,Minor,Done,2023-Mar-06 3:33 PM,2023-Mar-06 5:21 PM,3600,C86393B,Eforms-I9 P6 Sprint 2 - Yellow,,,,2760784,
2760792,Sub-task,EEEFI-665,BA Demo - EEEFI-660 Form Update - Yukon TD1YT(F) (Rev 2023/01),C86393B,Minor,Done,2023-Feb-16 11:42 AM,2023-Mar-07 12:49 PM,1800,C87582B,Eforms-I9 P6 Sprint 2 - Yellow,,,,2760784,
2760791,Sub-task,EEEFI-664,QA Test Plan Review - Yukon TD1YT(F) (Rev 2023/01),C86398B,Minor,Done,2023-Feb-16 11:42 AM,2023-Mar-03 12:17 PM,3600,C87582B,Eforms-I9 P6 Sprint 2 - Yellow,,,,2760784,
2760789,Sub-task,EEEFI-663,QA Test Plan Create,C86393B,Minor,Done,2023-Feb-16 11:42 AM,2023-Mar-03 11:45 AM,8100,C87582B,Eforms-I9 P6 Sprint 2 - Yellow,,,,2760784,
2760788,Sub-task,EEEFI-662,QA: Testing ,C86393B,Minor,Done,2023-Feb-16 11:42 AM,2023-Mar-07 9:44 AM,32400,C87582B,Eforms-I9 P6 Sprint 2 - Yellow,,,,2760784,
2760787,Sub-task,EEEFI-661,Dev & Dev Testing,C84671B,Minor,Done,2023-Feb-16 11:42 AM,2023-Mar-02 1:37 PM,18000,C87582B,Eforms-I9 P6 Sprint 2 - Yellow,,,,2760784,
2760784,Story,EEEFI-660,Form Update - Yukon TD1YT(F) (Rev 2023/01),C84671B,Minor,Done,2023-Feb-16 11:41 AM,2023-Mar-07 12:49 PM,72900,C87582B,Eforms-I9 P6 Sprint 2 - Yellow,3,EEEFI-47,,,
2798507,Sub-task,EEEFI-889,BA Demo,C84756B,Minor,Done,2023-Mar-06 9:08 AM,2023-Mar-06 9:27 AM,3600,C84756B,Eforms-I9 P6 Sprint 2 - Blue,,,,2792543,
2792593,Sub-task,EEEFI-858,QA Test Plan Review,C84652B,Minor,Done,2023-Mar-02 11:24 AM,2023-Mar-06 11:01 AM,1800,C87582B,Eforms-I9 P6 Sprint 2 - Blue,,,,2792543,
2792592,Sub-task,EEEFI-857,QA Test Plan Create,C84756B,Minor,Done,2023-Mar-02 11:24 AM,2023-Mar-02 11:40 AM,1800,C87582B,Eforms-I9 P6 Sprint 2 - Blue,,,,2792543,
2792549,Sub-task,EEEFI-856,QA Testing ,C84756B,Minor,Done,2023-Mar-02 11:00 AM,2023-Mar-06 9:25 AM,3600,C87582B,Eforms-I9 P6 Sprint 2 - Blue,,,,2792543,
2792547,Sub-task,EEEFI-855,Dev,C84722B,Minor,Done,2023-Mar-02 11:00 AM,2023-Mar-03 2:45 PM,1800,C87582B,Eforms-I9 P6 Sprint 2 - Blue,,,,2792543,
2792543,Story,EEEFI-854,Form Updates - New Brunswick TD1NB (Rev 2023/01) & Nouveau-Brunswick TD1NB(F) (Rev 2023/01),C84756B,Minor,Done,2023-Mar-02 10:55 AM,2023-Mar-06 11:03 AM,12600,C87582B,Eforms-I9 P6 Sprint 2 - Blue,,EEEFI-47,,,
2754783,Sub-task,EEEFI-608,Dev ,C84683B,Minor,Done,2023-Feb-14 10:38 AM,2023-Feb-21 4:36 PM,,C87582B,Eforms-I9 P6 Sprint 2 - Blue,,,,2754777,
2754777,Story,EEEFI-607,Dev Only - Victoria's Secret RealTime Config Update,C87582B,Minor,Done,2023-Feb-14 10:37 AM,2023-Feb-27 10:32 AM,,C87582B,Eforms-I9 P6 Sprint 2 - Blue,1,EEEFI-235,,,
2772050,Sub-task,EEEFI-745,Dev,C84722B,Minor,Done,2023-Feb-21 11:07 AM,2023-Mar-06 11:15 AM,43200,C84684B,Eforms-I9 P6 Sprint 2 - Blue,,,,2772049,
2772049,Story,EEEFI-744,Veracode and Pentest Mitigation - Queue Transaction Service - Part 2,C84722B,Major,Done,2023-Feb-21 11:07 AM,2023-Mar-06 11:15 AM,43200,C84671B,Eforms-I9 P6 Sprint 2 - Blue,5,EEEFI-189,,,
2772059,Sub-task,EEEFI-748,Dev,C84722B,Minor,Done,2023-Feb-21 11:30 AM,2023-Mar-06 11:15 AM,64800,C84642B,Eforms-I9 P6 Sprint 2 - Blue,,,,2728299,
2728299,Story,EEEFI-377,Veracode and Pentest Mitigation - SendGrid Event Handler - Part 1,C84642B,Major,Done,2023-Feb-02 1:36 PM,2023-Mar-06 11:15 AM,64800,C84671B,Eforms-I9 P6 Sprint 2 - Blue,5,EEEFI-189,,,
2761212,Sub-task,EEEFI-674,Dev,C84757B,Minor,Done,2023-Feb-16 1:51 PM,2023-Mar-06 11:15 AM,,C84684B,Eforms-I9 P6 Sprint 2 - Blue,,,,2761211,
2761211,Story,EEEFI-673,Veracode and Pentest Mitigation - Maint - Part 3,C84757B,Major,Done,2023-Feb-16 1:51 PM,2023-Mar-06 11:15 AM,,C84671B,Eforms-I9 P6 Sprint 2 - Blue,8,EEEFI-189,,,
2777976,Sub-task,EEEFI-789,QA Test - Bug fix,C84652B,Minor,Done,2023-Feb-23 5:23 PM,2023-Feb-24 11:59 AM,1800,C84652B,Eforms-I9 P6 Sprint 2 - Blue,,,,2685431,
2777975,Sub-task,EEEFI-788,Dev & Dev Testing - Bug Fix,C84722B,Minor,Done,2023-Feb-23 5:23 PM,2023-Feb-24 8:22 AM,4500,C84652B,Eforms-I9 P6 Sprint 2 - Blue,,,,2685431,
2714860,Sub-task,EEEFI-242,Code Review ,C84671B,Minor,Done,2023-Jan-31 1:36 PM,2023-Mar-06 11:12 AM,,C84777B,Eforms-I9 P6 Sprint 2 - Blue,,,,2685431,
2714857,Sub-task,EEEFI-240,QA Testing,C84652B,Minor,Done,2023-Jan-31 1:35 PM,2023-Feb-23 5:22 PM,10800,C84777B,Eforms-I9 P6 Sprint 2 - Blue,,,,2685431,
2714855,Sub-task,EEEFI-239,QA Test Plan Review ,C84756B,Minor,Done,2023-Jan-31 1:35 PM,2023-Feb-23 10:23 AM,1800,C84777B,Eforms-I9 P6 Sprint 2 - Blue,,,,2685431,
2714854,Sub-task,EEEFI-238,QA Test Plan Create,C84652B,Minor,Done,2023-Jan-31 1:35 PM,2023-Feb-22 2:27 PM,1800,C84777B,Eforms-I9 P6 Sprint 2 - Blue,,,,2685431,
2714850,Sub-task,EEEFI-237,Dev ,C84683B,Minor,Done,2023-Jan-31 1:34 PM,2023-Feb-21 4:35 PM,,C84777B,Eforms-I9 P6 Sprint 2 - Blue,,,,2685431,
2685431,Story,EEEFI-83,Script Request - Form Retirement  - Colorado Pregnancy Accommodation Notice and Form Assignment of Colorado Discrimination and Harassment Notification (in P1),C84777B,Minor,Done,2023-Jan-24 2:18 PM,2023-Mar-06 11:12 AM,20700,C84777B,Eforms-I9 P6 Sprint 2 - Blue,1,EEEFI-236,,,
2811707,Sub-task,EEEFI-1078,Prod Review,,Minor,To Do,2023-Mar-10 12:45 PM,2023-Mar-10 12:45 PM,,C84618B,Eforms-I9 P6 Sprint 2 - Blue,,,,2771545,
2790371,Sub-task,EEEFI-831,QA Test - Bug fix,C84652B,Minor,Done,2023-Mar-01 2:31 PM,2023-Mar-01 6:35 PM,1800,C84652B,Eforms-I9 P6 Sprint 2 - Blue,,,,2771545,
2790370,Sub-task,EEEFI-830,Dev & Dev Testing - Bug Fix,C84722B,Minor,Done,2023-Mar-01 2:31 PM,2023-Mar-01 3:24 PM,1800,C84652B,Eforms-I9 P6 Sprint 2 - Blue,,,,2771545,
2771550,Sub-task,EEEFI-707,BA Demo,C84652B,Minor,Done,2023-Feb-21 7:27 AM,2023-Mar-02 3:28 PM,1800,C84618B,Eforms-I9 P6 Sprint 2 - Blue,,,,2771545,
2771549,Sub-task,EEEFI-706,QA Test Plan Review,C84756B,Minor,Done,2023-Feb-21 7:27 AM,2023-Feb-23 10:59 AM,1800,C84618B,Eforms-I9 P6 Sprint 2 - Blue,,,,2771545,
2771548,Sub-task,EEEFI-705,QA Test Plan Create,C84652B,Minor,Done,2023-Feb-21 7:27 AM,2023-Feb-22 2:27 PM,1800,C84618B,Eforms-I9 P6 Sprint 2 - Blue,,,,2771545,
2771547,Sub-task,EEEFI-704,QA: Testing ,C84652B,Minor,Done,2023-Feb-21 7:27 AM,2023-Mar-01 2:46 PM,25200,C84618B,Eforms-I9 P6 Sprint 2 - Blue,,,,2771545,
2771546,Sub-task,EEEFI-703,Dev & Dev Testing,C84722B,Minor,Done,2023-Feb-21 7:27 AM,2023-Feb-27 8:14 AM,14400,C84618B,Eforms-I9 P6 Sprint 2 - Blue,,,,2771545,
2771545,Story,EEEFI-702,Form Update - Prince Edward Island TD1PE(F) (Rev 2023/01),C84652B,Minor,Done,2023-Feb-21 7:26 AM,2023-Mar-04 4:05 PM,48600,C84618B,Eforms-I9 P6 Sprint 2 - Blue,3,EEEFI-47,,,
2811703,Sub-task,EEEFI-1077,Prod Review,,Minor,To Do,2023-Mar-10 12:44 PM,2023-Mar-10 12:44 PM,,C84618B,Eforms-I9 P6 Sprint 2 - Blue,,,,2771537,
2771543,Sub-task,EEEFI-700,BA Demo,C84756B,Minor,Done,2023-Feb-21 7:24 AM,2023-Mar-02 10:59 AM,5400,C84618B,Eforms-I9 P6 Sprint 2 - Blue,,,,2771537,
2771542,Sub-task,EEEFI-699,QA Test Plan Review,C84652B,Minor,Done,2023-Feb-21 7:24 AM,2023-Feb-23 3:20 PM,1800,C84618B,Eforms-I9 P6 Sprint 2 - Blue,,,,2771537,
2771541,Sub-task,EEEFI-698,QA Test Plan Create,C84756B,Minor,Done,2023-Feb-21 7:24 AM,2023-Feb-23 2:13 PM,3600,C84618B,Eforms-I9 P6 Sprint 2 - Blue,,,,2771537,
2771540,Sub-task,EEEFI-697,QA: Testing ,C84756B,Minor,Done,2023-Feb-21 7:24 AM,2023-Feb-28 2:27 PM,25200,C84618B,Eforms-I9 P6 Sprint 2 - Blue,,,,2771537,
2771539,Sub-task,EEEFI-696,Dev & Dev Testing,C84722B,Minor,Done,2023-Feb-21 7:24 AM,2023-Feb-27 8:14 AM,14400,C84618B,Eforms-I9 P6 Sprint 2 - Blue,,,,2771537,
2771537,Story,EEEFI-695,Form Update - Prince Edward Island TD1PE (Rev 2023/01),C84756B,Minor,Done,2023-Feb-21 7:22 AM,2023-Mar-04 4:05 PM,50400,C84618B,Eforms-I9 P6 Sprint 2 - Blue,3,EEEFI-47,,,
2731825,Sub-task,EEEFI-433,BA Demo,C84756B,Minor,Done,2023-Feb-03 5:16 PM,2023-Mar-03 11:43 AM,7200,C87582B,Eforms-I9 P6 Sprint 2 - Blue,,,,2731819,
2731824,Sub-task,EEEFI-432,QA Test Plan Review,C84652B,Minor,Done,2023-Feb-03 5:16 PM,2023-Mar-02 12:09 PM,1800,C87582B,Eforms-I9 P6 Sprint 2 - Blue,,,,2731819,
2731823,Sub-task,EEEFI-431,QA Test Plan Create,C84756B,Minor,Done,2023-Feb-03 5:16 PM,2023-Mar-01 2:53 PM,3600,C87582B,Eforms-I9 P6 Sprint 2 - Blue,,,,2731819,
2731822,Sub-task,EEEFI-430,QA Test,C84756B,Minor,Done,2023-Feb-03 5:16 PM,2023-Mar-02 3:42 PM,21600,C87582B,Eforms-I9 P6 Sprint 2 - Blue,,,,2731819,
2731821,Sub-task,EEEFI-429,Dev & Dev Testing,C84757B,Minor,Done,2023-Feb-03 5:16 PM,2023-Mar-01 1:17 PM,21600,C87582B,Eforms-I9 P6 Sprint 2 - Blue,,,,2731819,
2731819,Story,EEEFI-428,Form Update - Terre-Neuve-et-Labrador TD1NL(F) (Rev 2023/01),C84757B,Minor,Done,2023-Feb-03 5:15 PM,2023-Mar-04 4:05 PM,55800,C87582B,Eforms-I9 P6 Sprint 2 - Blue,3,EEEFI-47,,,
2787156,Sub-task,EEEFI-810,QA Test - Bug fix,C84652B,Minor,Done,2023-Feb-28 2:12 PM,2023-Mar-02 10:54 AM,3600,C84652B,Eforms-I9 P6 Sprint 2 - Blue,,,,2731812,
2787155,Sub-task,EEEFI-809,Dev & Dev Testing - Bug Fix,C84757B,Minor,Done,2023-Feb-28 2:12 PM,2023-Mar-01 1:27 PM,18000,C84652B,Eforms-I9 P6 Sprint 2 - Blue,,,,2731812,
2731817,Sub-task,EEEFI-426,BA Demo,C84652B,Minor,Done,2023-Feb-03 5:13 PM,2023-Mar-02 12:08 PM,900,C87582B,Eforms-I9 P6 Sprint 2 - Blue,,,,2731812,
2731816,Sub-task,EEEFI-425,QA Test Plan Review,C84756B,Minor,Done,2023-Feb-03 5:13 PM,2023-Feb-23 9:34 AM,1800,C87582B,Eforms-I9 P6 Sprint 2 - Blue,,,,2731812,
2731815,Sub-task,EEEFI-424,QA Test Plan Create,C84652B,Minor,Done,2023-Feb-03 5:13 PM,2023-Feb-22 2:27 PM,1800,C87582B,Eforms-I9 P6 Sprint 2 - Blue,,,,2731812,
2731814,Sub-task,EEEFI-423,QA,C84652B,Minor,Done,2023-Feb-03 5:12 PM,2023-Feb-28 5:34 PM,25200,C87582B,Eforms-I9 P6 Sprint 2 - Blue,,,,2731812,
2731813,Sub-task,EEEFI-422,Dev & Dev Testing,C84757B,Minor,Done,2023-Feb-03 5:12 PM,2023-Mar-01 1:34 PM,28800,C87582B,Eforms-I9 P6 Sprint 2 - Blue,,,,2731812,
2731812,Story,EEEFI-421,Form Update - Newfoundland and Labrador TD1NL (Rev 2023/01),C84652B,Minor,Done,2023-Feb-03 5:11 PM,2023-Mar-04 4:05 PM,80100,C87582B,Eforms-I9 P6 Sprint 2 - Blue,3,EEEFI-47,,,
2728639,Sub-task,EEEFI-386,Dev Merge Branch,C84757B,Minor,Done,2023-Feb-02 4:13 PM,2023-Feb-23 3:40 PM,57600,C84618B,Eforms-I9 P6 Sprint 2 - Blue,,,,2725899,
2727779,Sub-task,EEEFI-368,QA / Testing,C84756B,Minor,Done,2023-Feb-02 11:27 AM,2023-Mar-06 11:08 AM,46800,C84618B,Eforms-I9 P6 Sprint 2 - Blue,,,,2725899,
2727778,Sub-task,EEEFI-367,QA Test Plan Review,C84652B,Minor,Done,2023-Feb-02 11:27 AM,2023-Feb-24 1:43 PM,1800,C84618B,Eforms-I9 P6 Sprint 2 - Blue,,,,2725899,
2727777,Sub-task,EEEFI-366,QA Test Plan Create,C84756B,Minor,Done,2023-Feb-02 11:27 AM,2023-Feb-24 11:24 AM,10800,C84618B,Eforms-I9 P6 Sprint 2 - Blue,,,,2725899,
2725899,Story,EEEFI-355,Dev Revisit and QA Test - New EBT Template - Alternate Work State Withholding Allocation Form Template - Part 1,C84757B,Minor,Done,2023-Feb-01 6:55 PM,2023-Mar-06 11:14 AM,117000,C84618B,Eforms-I9 P6 Sprint 2 - Blue,3,EEEFI-56,,,estimation
2811701,Sub-task,EEEFI-1076,Prod Review,,Minor,To Do,2023-Mar-10 12:43 PM,2023-Mar-10 12:43 PM,,C84618B,Eforms-I9 P6 Sprint 2 - Blue,,,,2759085,
2759090,Sub-task,EEEFI-640,BA Demo,C84652B,Minor,Done,2023-Feb-15 10:10 PM,2023-Mar-01 2:05 PM,900,C84618B,Eforms-I9 P6 Sprint 2 - Blue,,,,2759085,
2759089,Sub-task,EEEFI-639,QA Test Plan Review,C84756B,Minor,Done,2023-Feb-15 10:10 PM,2023-Feb-23 10:11 AM,1800,C84618B,Eforms-I9 P6 Sprint 2 - Blue,,,,2759085,
2759088,Sub-task,EEEFI-638,QA Test Plan Create,C84652B,Minor,Done,2023-Feb-15 10:10 PM,2023-Feb-22 2:26 PM,1800,C84618B,Eforms-I9 P6 Sprint 2 - Blue,,,,2759085,
2759087,Sub-task,EEEFI-637,QA: Testing ,C84652B,Minor,Done,2023-Feb-15 10:10 PM,2023-Feb-27 2:34 PM,21600,C84618B,Eforms-I9 P6 Sprint 2 - Blue,,,,2759085,
2759086,Sub-task,EEEFI-636,Dev & Dev Testing,C84722B,Minor,Done,2023-Feb-15 10:10 PM,2023-Feb-27 8:15 AM,14400,C84618B,Eforms-I9 P6 Sprint 2 - Blue,,,,2759085,
2759085,Story,EEEFI-635,New Form - BBW Field Sales Bonus (NY) (01/2023),C84618B,Minor,Done,2023-Feb-15 10:08 PM,2023-Mar-04 4:04 PM,40500,C84618B,Eforms-I9 P6 Sprint 2 - Blue,2,EEEFI-48,,,
2760677,Sub-task,EEEFI-652,QA Test Plan Create - BBW Field Sales Bonus (CA) (01/2023),C84756B,Minor,Done,2023-Feb-16 10:35 AM,2023-Feb-23 11:51 AM,3600,C87709B,Eforms-I9 P6 Sprint 2 - Blue,,,,2760669,
2760676,Sub-task,EEEFI-651,QA/Testing - BBW Field Sales Bonus (CA) (01/2023),C84756B,Minor,Done,2023-Feb-16 10:35 AM,2023-Feb-27 1:44 PM,21600,C87709B,Eforms-I9 P6 Sprint 2 - Blue,,,,2760669,
2760675,Sub-task,EEEFI-650,BA Demo - BBW Field Sales Bonus (CA) (01/2023),C84756B,Minor,Done,2023-Feb-16 10:35 AM,2023-Feb-27 1:45 PM,3600,C87709B,Eforms-I9 P6 Sprint 2 - Blue,,,,2760669,
2760674,Sub-task,EEEFI-649,Dev & Dev Testing - BBW Field Sales Bonus (CA) (01/2023),C84722B,Minor,Done,2023-Feb-16 10:35 AM,2023-Feb-27 8:16 AM,14400,C87709B,Eforms-I9 P6 Sprint 2 - Blue,,,,2760669,
2760672,Sub-task,EEEFI-648,QA Test Plan Review - BBW Field Sales Bonus (CA) (01/2023),C84652B,Minor,Done,2023-Feb-16 10:34 AM,2023-Feb-23 1:31 PM,1800,C87709B,Eforms-I9 P6 Sprint 2 - Blue,,,,2760669,
2760669,Story,EEEFI-646,New Form - BBW Field Sales Bonus (CA) (01/2023),C84756B,Minor,Done,2023-Feb-16 10:33 AM,2023-Mar-04 4:04 PM,45000,C87709B,Eforms-I9 P6 Sprint 2 - Blue,2,EEEFI-48,,,
2772058,Sub-task,EEEFI-747,BA Demo,C84756B,Minor,Done,2023-Feb-21 11:29 AM,2023-Feb-23 9:26 AM,3600,C84642B,Eforms-I9 P6 Sprint 2 - Blue,,,,2731520,
2731533,Sub-task,EEEFI-412,QA Test Plan Review,C84652B,Minor,Done,2023-Feb-03 2:49 PM,2023-Feb-23 10:14 AM,1800,C87582B,Eforms-I9 P6 Sprint 2 - Blue,,,,2731520,
2731532,Sub-task,EEEFI-411,QA Test Plan Create,C84756B,Minor,Done,2023-Feb-03 2:49 PM,2023-Feb-22 1:39 PM,7200,C87582B,Eforms-I9 P6 Sprint 2 - Blue,,,,2731520,
2731530,Sub-task,EEEFI-410,QA Testing ,C84756B,Minor,Done,2023-Feb-03 2:49 PM,2023-Feb-22 3:11 PM,18000,C87582B,Eforms-I9 P6 Sprint 2 - Blue,,,,2731520,
2731520,Story,EEEFI-409,QA Only - EBT Archive Current Forms checkbox not creating Proper Snippit in Action,C87582B,Minor,Done,2023-Feb-03 2:30 PM,2023-Feb-23 10:24 AM,30600,C87582B,Eforms-I9 P6 Sprint 2 - Blue,1,EEEFI-522,,,
2811816,Sub-task,EEEFI-1081,Prod Review - AR-182 Associate Acknowledgment (Rev 02/2023),,Minor,To Do,2023-Mar-10 2:14 PM,2023-Mar-10 2:14 PM,,C84618B,Eforms-I9 P6 Sprint 2 - Blue,,,,2756108,
2790353,Sub-task,EEEFI-829,QA Test (T1) - North Dakota NDW-M (Rev 02/2022) ,C84756B,Minor,Done,2023-Mar-01 2:06 PM,2023-Mar-03 2:17 PM,18000,C87709B,Eforms-I9 P6 Sprint 2 - Blue,,,,2756108,
2789532,Sub-task,EEEFI-821,Dev - Check-In Form,C84722B,Minor,Done,2023-Mar-01 10:08 AM,2023-Mar-03 2:44 PM,,C84642B,Eforms-I9 P6 Sprint 2 - Blue,,,,2756108,
2759095,Sub-task,EEEFI-642,QA Test (T1) - AR-182 Associate Acknowledgment (Rev 02/2023),C84756B,Minor,Done,2023-Feb-15 10:23 PM,2023-Feb-21 3:36 PM,18000,C84618B,Eforms-I9 P6 Sprint 2 - Blue,,,,2756108,
2756108,Story,EEEFI-614,EBT Form Update Bucket - Blue Team - PI-6 Sprint 2,C84618B,Minor,Done,2023-Feb-14 6:14 PM,2023-Mar-03 2:44 PM,37800,C84618B,Eforms-I9 P6 Sprint 2 - Blue,1,EEEFI-234,,,
2802426,Story,EEEFI-977,Security - Pen Test Taleo Services setup/demo/support - Part 2,C84649B,Minor,Done,2023-Mar-07 10:04 AM,2023-Mar-22 5:05 PM,37800,C84642B,Eforms-I9 P6 Sprint 3 - Yellow,5,EEEFI-189,,,
2819260,Sub-task,EEEFI-1159,Dev,C84671B,Minor,Done,2023-Mar-14 5:19 PM,2023-Mar-20 8:48 AM,14400,C84671B,Eforms-I9 P6 Sprint 3 - Yellow,,,,2805735,
2814451,Sub-task,EEEFI-1097,Dev,C84734B,Minor,Done,2023-Mar-13 12:36 PM,2023-Mar-13 1:09 PM,3600,C84734B,Eforms-I9 P6 Sprint 3 - Yellow,,,,2805735,
2806673,Sub-task,EEEFI-1046,Deploy forms with PSE/Prod Support,C84649B,Minor,Done,2023-Mar-08 5:09 PM,2023-Mar-10 4:27 PM,10800,C84649B,Eforms-I9 P6 Sprint 3 - Yellow,,,,2805735,
2806361,Sub-task,EEEFI-1024,Dev,C84649B,Minor,Done,2023-Mar-08 1:32 PM,2023-Mar-09 4:48 PM,36000,C84649B,Eforms-I9 P6 Sprint 3 - Yellow,,,,2805735,
2805735,Story,EEEFI-1022,EForm Deployment tool,C84649B,Minor,Done,2023-Mar-08 10:48 AM,2023-Mar-21 4:56 PM,72000,C84649B,Eforms-I9 P6 Sprint 3 - Yellow,,EEEFI-671,,,
2802289,Sub-task,EEEFI-978,Dev Assist,C84649B,Minor,Done,2023-Mar-07 10:10 AM,2023-Mar-14 1:35 PM,25200,C84649B,Eforms-I9 P6 Sprint 3 - Yellow,,,,2761505,
2761510,Sub-task,EEEFI-688,Placeholder - Prod Review Link,C84708B,Minor,Done,2023-Feb-16 4:31 PM,2023-Mar-15 10:55 PM,,C84642B,Eforms-I9 P6 Sprint 3 - Yellow,,,,2761505,
2761509,Sub-task,EEEFI-687,CLONE - BA Demo,C86393B,Minor,Done,2023-Feb-16 4:31 PM,2023-Mar-17 1:43 PM,1800,C84642B,Eforms-I9 P6 Sprint 3 - Yellow,,,,2761505,
2761508,Sub-task,EEEFI-686,CLONE - QA Test Plan Review,C84708B,Minor,Done,2023-Feb-16 4:31 PM,2023-Mar-15 10:50 PM,3600,C84642B,Eforms-I9 P6 Sprint 3 - Yellow,,,,2761505,
2761507,Sub-task,EEEFI-685,CLONE - QA Test Plan Create,C86393B,Minor,Done,2023-Feb-16 4:31 PM,2023-Mar-07 12:10 PM,5400,C84642B,Eforms-I9 P6 Sprint 3 - Yellow,,,,2761505,
2761506,Sub-task,EEEFI-684,CLONE - QA: Testing ,C86393B,Minor,Done,2023-Feb-16 4:31 PM,2023-Mar-15 9:54 AM,19800,C84642B,Eforms-I9 P6 Sprint 3 - Yellow,,,,2761505,
2761505,Story,EEEFI-683,QA Only - ADA Accessibility - California DE-4 Regression Test,C84649B,Minor,Done,2023-Feb-16 4:31 PM,2023-Mar-22 2:12 PM,55800,C84642B,Eforms-I9 P6 Sprint 3 - Yellow,2,EEEFI-49,,,
2798387,Sub-task,EEEFI-903,Placeholder - Prod Review,C84708B,Minor,Done,2023-Mar-06 9:30 AM,2023-Mar-17 10:07 AM,,C84642B,Eforms-I9 P6 Sprint 3 - Yellow,,,,2736329,
2798385,Sub-task,EEEFI-901,QA Test Plan Review,C84708B,Minor,Done,2023-Mar-06 9:30 AM,2023-Mar-17 9:43 AM,1800,C84642B,Eforms-I9 P6 Sprint 3 - Yellow,,,,2736329,
2798384,Sub-task,EEEFI-900,QA Test Plan Create,C86398B,Minor,Done,2023-Mar-06 9:30 AM,2023-Mar-08 8:07 AM,1800,C84642B,Eforms-I9 P6 Sprint 3 - Yellow,,,,2736329,
2798383,Sub-task,EEEFI-899,QA: Testing ,C86398B,Minor,Done,2023-Mar-06 9:30 AM,2023-Mar-17 3:23 PM,9000,C84642B,Eforms-I9 P6 Sprint 3 - Yellow,,,,2736329,
2798381,Sub-task,EEEFI-898,Dev & Dev Testing,C84734B,Minor,Done,2023-Mar-06 9:30 AM,2023-Mar-16 1:56 PM,10800,C84642B,Eforms-I9 P6 Sprint 3 - Yellow,,,,2736329,
2736329,Bug,EEEFI-481,EBT Bug - Editable Name Fields After Splitting a Form,C86398B,Minor,Done,2023-Feb-06 1:21 PM,2023-Mar-22 2:13 PM,23400,C84642B,Eforms-I9 P6 Sprint 3 - Yellow,2,EEEFI-671,,,
2725290,Sub-task,EEEFI-308,Documentation,C84671B,Minor,Done,2023-Feb-01 12:53 PM,2023-Mar-17 9:46 AM,7200,C87582B,Eforms-I9 P6 Sprint 3 - Yellow,,,,2685426,
2725289,Sub-task,EEEFI-307,Dev Research,C84671B,Minor,Done,2023-Feb-01 12:52 PM,2023-Mar-16 5:36 PM,59400,C87582B,Eforms-I9 P6 Sprint 3 - Yellow,,,,2685426,
2685426,Story,EEEFI-78,Dev Research - Occidental Petroleum User not Presented with Pending Louisiana L-4 Withholding Form,C84671B,Minor,Done,2023-Jan-24 2:17 PM,2023-Mar-16 5:37 PM,66600,C87582B,Eforms-I9 P6 Sprint 3 - Yellow,3,EEEFI-235,,,
2799096,Sub-task,EEEFI-931,BA Demo,C86398B,Minor,Done,2023-Mar-06 10:57 AM,2023-Mar-17 2:14 PM,1800,C84618B,Eforms-I9 P6 Sprint 3 - Yellow,,,,2793005,
2799094,Sub-task,EEEFI-930,QA Test Plan Review,C86393B,Minor,Done,2023-Mar-06 10:57 AM,2023-Mar-17 9:58 AM,1800,C84618B,Eforms-I9 P6 Sprint 3 - Yellow,,,,2793005,
2799092,Sub-task,EEEFI-929,QA Test Plan Create,C86398B,Minor,Done,2023-Mar-06 10:56 AM,2023-Mar-16 3:15 PM,3600,C84618B,Eforms-I9 P6 Sprint 3 - Yellow,,,,2793005,
2799090,Sub-task,EEEFI-928,QA: Testing ,C86398B,Minor,Done,2023-Mar-06 10:56 AM,2023-Mar-16 5:06 PM,14400,C84618B,Eforms-I9 P6 Sprint 3 - Yellow,,,,2793005,
2799088,Sub-task,EEEFI-927,Dev & Dev Testing,C84734B,Minor,Done,2023-Mar-06 10:56 AM,2023-Mar-16 9:47 AM,46800,C84618B,Eforms-I9 P6 Sprint 3 - Yellow,,,,2793005,
2793005,Story,EEEFI-859,Trinity Health - New Batch Sync Error Message.,C84734B,Minor,Done,2023-Mar-02 11:44 AM,2023-Mar-22 2:11 PM,68400,C84618B,Eforms-I9 P6 Sprint 3 - Yellow,3,EEEFI-1071,,,
2792437,Sub-task,EEEFI-852,BA Demo,C86393B,Minor,Done,2023-Mar-02 10:49 AM,2023-Mar-17 1:44 PM,1800,C84618B,Eforms-I9 P6 Sprint 3 - Yellow,,,,2792422,
2792436,Sub-task,EEEFI-851,QA Test Plan Review,C86398B,Minor,Done,2023-Mar-02 10:49 AM,2023-Mar-16 5:03 PM,3600,C84618B,Eforms-I9 P6 Sprint 3 - Yellow,,,,2792422,
2792435,Sub-task,EEEFI-850,QA Test Plan Create,C86393B,Minor,Done,2023-Mar-02 10:49 AM,2023-Mar-16 9:47 AM,5400,C84618B,Eforms-I9 P6 Sprint 3 - Yellow,,,,2792422,
2792434,Sub-task,EEEFI-849,QA: Testing ,C86393B,Minor,Done,2023-Mar-02 10:49 AM,2023-Mar-16 12:57 PM,10800,C84618B,Eforms-I9 P6 Sprint 3 - Yellow,,,,2792422,
2792433,Sub-task,EEEFI-848,Dev & Dev Testing,C84734B,Minor,Done,2023-Mar-02 10:49 AM,2023-Mar-10 2:31 PM,10800,C84618B,Eforms-I9 P6 Sprint 3 - Yellow,,,,2792422,
2792422,Story,EEEFI-847,Update Verbiage Active Forms Report - WD Integration Level and WD Integration,C84734B,Minor,Done,2023-Mar-02 10:38 AM,2023-Mar-22 2:07 PM,32400,C84618B,Eforms-I9 P6 Sprint 3 - Yellow,1,EEEFI-235,,,
2772016,Sub-task,EEEFI-721,PO-BA-PSE Demo,C84649B,Minor,Done,2023-Feb-21 10:45 AM,2023-Mar-14 12:28 PM,1800,C84642B,Eforms-I9 P6 Sprint 3 - Yellow,,,,2761043,
2761048,Sub-task,EEEFI-669,Documentation ,C84649B,Minor,Done,2023-Feb-16 12:22 PM,2023-Mar-14 12:28 PM,7200,C84777B,Eforms-I9 P6 Sprint 3 - Yellow,,,,2761043,
2761047,Sub-task,EEEFI-668,Dev Research,C84649B,Minor,Done,2023-Feb-16 12:22 PM,2023-Mar-14 12:29 PM,18000,C84777B,Eforms-I9 P6 Sprint 3 - Yellow,,,,2761043,
2761043,Story,EEEFI-667,Prod Support - Nike (beta) - Not Receiving Future Dated Address Changes from Workday  Via the SSO Call ,C84649B,Minor,Done,2023-Feb-16 12:19 PM,2023-Mar-14 12:29 PM,27000,C84777B,Eforms-I9 P6 Sprint 3 - Yellow,3,EEEFI-235,,,
2798666,Sub-task,EEEFI-915,Placeholder - Prod Review,C86398B,Minor,Done,2023-Mar-06 10:28 AM,2023-Mar-17 10:02 AM,,C87709B,Eforms-I9 P6 Sprint 3 - Yellow,,,,2793282,
2798665,Sub-task,EEEFI-914,BA Demo,C84708B,Minor,Done,2023-Mar-06 10:28 AM,2023-Mar-17 9:51 AM,1800,C87709B,Eforms-I9 P6 Sprint 3 - Yellow,,,,2793282,
2798664,Sub-task,EEEFI-913,QA Test Plan Review,C86398B,Minor,Done,2023-Mar-06 10:28 AM,2023-Mar-17 10:48 AM,3600,C87709B,Eforms-I9 P6 Sprint 3 - Yellow,,,,2793282,
2798663,Sub-task,EEEFI-912,QA Test Plan Create,C84708B,Minor,Done,2023-Mar-06 10:28 AM,2023-Mar-17 9:42 AM,3600,C87709B,Eforms-I9 P6 Sprint 3 - Yellow,,,,2793282,
2798662,Sub-task,EEEFI-911,QA: Testing ,C84708B,Minor,Done,2023-Mar-06 10:28 AM,2023-Mar-16 5:50 PM,18000,C87709B,Eforms-I9 P6 Sprint 3 - Yellow,,,,2793282,
2798661,Sub-task,EEEFI-910,Dev & Dev Testing,C84734B,Minor,Done,2023-Mar-06 10:28 AM,2023-Mar-14 5:41 PM,54000,C87709B,Eforms-I9 P6 Sprint 3 - Yellow,,,,2793282,
2793282,Story,EEEFI-867,Maint Issue - EForm Packager PDF Exports Issue - Multiple Client Requests Pending,C84734B,Minor,Done,2023-Mar-02 2:37 PM,2023-Mar-17 10:47 AM,81000,C87709B,Eforms-I9 P6 Sprint 3 - Yellow,3,EEEFI-235,,,
2811716,Sub-task,EEEFI-1079,QA assist with research.,C86393B,Minor,Done,2023-Mar-10 12:50 PM,2023-Mar-10 12:51 PM,5400,C86393B,Eforms-I9 P6 Sprint 3 - Yellow,,,,2772071,
2799114,Sub-task,EEEFI-933,Dev,C84649B,Minor,Done,2023-Mar-06 10:58 AM,2023-Mar-10 4:27 PM,21600,C84684B,Eforms-I9 P6 Sprint 3 - Yellow,,,,2772071,
2799107,Sub-task,EEEFI-923,Documentation ,C84649B,Minor,Done,2023-Mar-06 10:56 AM,2023-Mar-13 4:50 PM,7200,C84642B,Eforms-I9 P6 Sprint 3 - Yellow,,,,2772071,
2772071,Story,EEEFI-749,Dev Research - Exposed SSNs in PE.com and SSRS Reports,C84649B,Minor,Done,2023-Feb-21 11:52 AM,2023-Mar-10 4:27 PM,34200,C84642B,Eforms-I9 P6 Sprint 3 - Yellow,2,EEEFI-780,,,
2803605,Sub-task,EEEFI-1012,Dev,C84649B,Minor,Done,2023-Mar-07 4:45 PM,2023-Mar-14 3:25 PM,23400,C84649B,Eforms-I9 P6 Sprint 3 - Yellow,,,,2798654,
2798654,Story,EEEFI-908,Veracode - Scan and Upload Applications Following Encryption Update,C84649B,Minor,Done,2023-Mar-06 10:14 AM,2023-Mar-14 3:25 PM,23400,C84642B,Eforms-I9 P6 Sprint 3 - Yellow,1,EEEFI-189,,,
2809707,Sub-task,EEEFI-1073,QA Test Plan Create - Transfered,C84708B,Minor,Done,2023-Mar-09 4:24 PM,2023-Mar-14 9:24 AM,3600,C84708B,Eforms-I9 P6 Sprint 3 - Yellow,,,,2773589,
2773802,Sub-task,EEEFI-766,BA Demo,C84708B,Minor,Done,2023-Feb-22 9:30 AM,2023-Mar-15 4:36 PM,1800,C87582B,Eforms-I9 P6 Sprint 3 - Yellow,,,,2773589,
2773801,Sub-task,EEEFI-765,QA Test Plan Review,C86398B,Minor,Done,2023-Feb-22 9:30 AM,2023-Mar-14 12:59 PM,3600,C87582B,Eforms-I9 P6 Sprint 3 - Yellow,,,,2773589,
2773800,Sub-task,EEEFI-764,QA Test Plan Create,C86393B,Minor,Done,2023-Feb-22 9:30 AM,2023-Mar-09 9:35 AM,5400,C87582B,Eforms-I9 P6 Sprint 3 - Yellow,,,,2773589,
2773599,Sub-task,EEEFI-763,QA: Testing ,C84708B,Minor,Done,2023-Feb-22 9:30 AM,2023-Mar-14 9:12 AM,21600,C87582B,Eforms-I9 P6 Sprint 3 - Yellow,,,,2773589,
2773598,Sub-task,EEEFI-762,Dev & Dev Testing,C84649B,Minor,Done,2023-Feb-22 9:30 AM,2023-Mar-08 9:11 AM,18000,C87582B,Eforms-I9 P6 Sprint 3 - Yellow,,,,2773589,
2773589,Story,EEEFI-755,Form Update - Territories du Nord-Ouest TD1NT(F) (Rev 2023/01),C84649B,Minor,Done,2023-Feb-22 9:28 AM,2023-Mar-22 2:06 PM,54000,C87582B,Eforms-I9 P6 Sprint 3 - Yellow,3,EEEFI-47,,,
2773595,Sub-task,EEEFI-760,BA Demo,C86398B,Minor,Done,2023-Feb-22 9:29 AM,2023-Mar-09 4:47 PM,1800,C87582B,Eforms-I9 P6 Sprint 3 - Yellow,,,,2773577,
2773594,Sub-task,EEEFI-759,QA Test Plan Review,C84708B,Minor,Done,2023-Feb-22 9:29 AM,2023-Mar-10 12:22 AM,1800,C87582B,Eforms-I9 P6 Sprint 3 - Yellow,,,,2773577,
2773593,Sub-task,EEEFI-758,QA Test Plan Create,C86398B,Minor,Done,2023-Feb-22 9:29 AM,2023-Mar-07 8:07 AM,3600,C87582B,Eforms-I9 P6 Sprint 3 - Yellow,,,,2773577,
2773592,Sub-task,EEEFI-757,QA: Testing ,C86398B,Minor,Done,2023-Feb-22 9:29 AM,2023-Mar-09 3:48 PM,21600,C87582B,Eforms-I9 P6 Sprint 3 - Yellow,,,,2773577,
2773591,Sub-task,EEEFI-756,Dev & Dev Testing,C84649B,Minor,Done,2023-Feb-22 9:29 AM,2023-Mar-08 9:11 AM,14400,C87582B,Eforms-I9 P6 Sprint 3 - Yellow,,,,2773577,
2773577,Story,EEEFI-754,Form Update - Northwest Territories TD1NT (Rev 2023/01),C84649B,Minor,Done,2023-Feb-22 9:21 AM,2023-Mar-22 2:05 PM,43200,C87582B,Eforms-I9 P6 Sprint 3 - Yellow,3,EEEFI-47,,,
2793017,Sub-task,EEEFI-864,BA Demo,C84708B,Minor,Done,2023-Mar-02 11:50 AM,2023-Mar-15 4:35 PM,1800,C84618B,Eforms-I9 P6 Sprint 3 - Yellow,,,,2787966,
2793016,Sub-task,EEEFI-863,QA Test Plan Review,C86393B,Minor,Done,2023-Mar-02 11:50 AM,2023-Mar-10 12:49 PM,1800,C84618B,Eforms-I9 P6 Sprint 3 - Yellow,,,,2787966,
2793015,Sub-task,EEEFI-862,QA Test Plan Create,C84708B,Minor,Done,2023-Mar-02 11:50 AM,2023-Mar-09 4:05 PM,3600,C84618B,Eforms-I9 P6 Sprint 3 - Yellow,,,,2787966,
2793014,Sub-task,EEEFI-861,QA: Testing ,C84708B,Minor,Done,2023-Mar-02 11:50 AM,2023-Mar-09 3:34 PM,28800,C84618B,Eforms-I9 P6 Sprint 3 - Yellow,,,,2787966,
2793013,Sub-task,EEEFI-860,Dev & Dev Testing,C84734B,Minor,Done,2023-Mar-02 11:50 AM,2023-Mar-08 5:36 PM,21600,C84618B,Eforms-I9 P6 Sprint 3 - Yellow,,,,2787966,
2787966,Story,EEEFI-815,Form Update - New York Work Allocation - VSCo (Rev 02/2023),C84734B,Minor,Done,2023-Feb-28 11:21 PM,2023-Mar-22 2:10 PM,57600,C84618B,Eforms-I9 P6 Sprint 3 - Yellow,2,EEEFI-48,,,
2783943,Sub-task,EEEFI-804,QA Test Plan Review,C86398B,Minor,Done,2023-Feb-27 2:59 PM,2023-Mar-07 5:20 PM,3600,C87582B,Eforms-I9 P6 Sprint 3 - Yellow,,,,2783579,
2783942,Sub-task,EEEFI-803,QA Test Plan Create,C86393B,Minor,Done,2023-Feb-27 2:59 PM,2023-Mar-07 2:42 PM,5400,C87582B,Eforms-I9 P6 Sprint 3 - Yellow,,,,2783579,
2783940,Sub-task,EEEFI-801,Dev & Dev Testing,C84734B,Minor,Done,2023-Feb-27 2:58 PM,2023-Mar-09 10:29 AM,16200,C87582B,Eforms-I9 P6 Sprint 3 - Yellow,,,,2783579,
2783579,Story,EEEFI-799,Form Update - Pay Method Instructions (NH) - VSCo (Rev 03/2023),C84734B,Minor,Done,2023-Feb-27 1:19 PM,2023-Mar-22 2:07 PM,25200,C87582B,Eforms-I9 P6 Sprint 3 - Yellow,2,EEEFI-48,,,
2817405,Story,EEEFI-1124,Veracode Mitigation Reviews,C84671B,Minor,Done,2023-Mar-14 8:54 AM,2023-Mar-15 5:14 PM,16200,C84671B,Eforms-I9 P6 Sprint 3 - Yellow,1,EEEFI-189,,,
2800566,Sub-task,EEEFI-956,BA Demo,C84708B,Minor,Done,2023-Mar-06 4:06 PM,2023-Mar-06 5:09 PM,108000,C87582B,Eforms-I9 P6 Sprint 3 - Yellow,,,,2798687,
2799109,Sub-task,EEEFI-925,QA Testing ,C84708B,Minor,Done,2023-Mar-06 10:56 AM,2023-Mar-06 5:07 PM,3600,C87582B,Eforms-I9 P6 Sprint 3 - Yellow,,,,2798687,
2799108,Sub-task,EEEFI-924,Dev,C84734B,Minor,Done,2023-Mar-06 10:56 AM,2023-Mar-06 1:11 PM,10800,C87582B,Eforms-I9 P6 Sprint 3 - Yellow,,,,2798687,
2798687,Story,EEEFI-922,Form Update - Wellington Management Alternate Work State Withholding Allocation (Rev 02/2023),C84734B,Minor,Done,2023-Mar-06 10:39 AM,2023-Mar-06 5:09 PM,122400,C87582B,Eforms-I9 P6 Sprint 3 - Yellow,1,EEEFI-48,,,
2789529,Sub-task,EEEFI-819,"QA Test Plan Review - EEEFI-771 Script Request - Assignment of ""New Jersey Paid Sick Leave Notice"" New Version and Retirement of Previous Version",C86398B,Minor,Done,2023-Mar-01 10:07 AM,2023-Mar-06 12:49 PM,1800,C84642B,Eforms-I9 P6 Sprint 3 - Yellow,,,,2798650,
2752591,Sub-task,EEEFI-592,BA Demo - EEEFI-587 New Form - City of LA Right to Rest - BBW (Rev 02/2023),C84708B,Minor,Done,2023-Feb-13 4:35 PM,2023-Mar-07 3:56 PM,1800,C87582B,Eforms-I9 P6 Sprint 3 - Yellow,,,,2798650,
2731109,Sub-task,EEEFI-406,BA Demo - EEEFI-356 Qurate Retail Group (QVC) - Request to have Email Addresses/Name Change Pull in via the Workday Batch Sync,C86398B,Moderate,Done,2023-Feb-03 11:48 AM,2023-Mar-06 2:38 PM,1800,C84618B,Eforms-I9 P6 Sprint 3 - Yellow,,,,2798650,
2798650,Story,EEEFI-907,BA Demos - Yellow Team,C86398B,Minor,Done,2023-Mar-06 10:10 AM,2023-Mar-07 3:57 PM,5400,C84684B,Eforms-I9 P6 Sprint 3 - Yellow,1,EEEFI-671,,,
2816026,Sub-task,EEEFI-1122,QA Bug Fix - EEEFI - 617 - Form Update - VSCo - Oregon Right to Rest (Hourly Associates) - VSCo (02/2023),C84708B,Minor,Done,2023-Mar-13 6:32 PM,2023-Mar-13 6:37 PM,7200,C84708B,Eforms-I9 P6 Sprint 3 - Yellow,,,,2798636,Bug
2815729,Sub-task,EEEFI-1116,Bug Fix - EEEFI - 617 - Form Update - VSCo - Oregon Right to Rest (Hourly Associates) - VSCo (02/2023),C84734B,Minor,Done,2023-Mar-13 4:50 PM,2023-Mar-13 5:59 PM,5400,C84734B,Eforms-I9 P6 Sprint 3 - Yellow,,,,2798636,
2815126,Sub-task,EEEFI-1100,Bug Fix EEEFI-653- Form Update - Yukon TD1YT (Rev 2023/01),C84671B,Major,Done,2023-Mar-13 2:13 PM,2023-Mar-14 8:56 AM,1800,C86393B,Eforms-I9 P6 Sprint 3 - Yellow,,,,2798636,
2815121,Sub-task,EEEFI-1099,QA Test - Bug Fix EEEFI-653- Form Update - Yukon TD1YT (Rev 2023/01),C86393B,Major,Done,2023-Mar-13 2:10 PM,2023-Mar-14 10:50 AM,3600,C86393B,Eforms-I9 P6 Sprint 3 - Yellow,,,,2798636,
2814612,Sub-task,EEEFI-1094,Prod Review - EEEFI - 617 - Form Update - VSCo - Oregon Right to Rest (Hourly Associates) - VSCo (02/2023),C84708B,Minor,Done,2023-Mar-13 12:05 PM,2023-Mar-13 8:00 PM,7200,C87709B,Eforms-I9 P6 Sprint 3 - Yellow,,,,2798636,
2811663,Sub-task,EEEFI-1080,"Bug Fix - EEEFI-600 - New Form - Los Angeles, CA Right to Rest and Notice, Hourly Associates - VSCo (Rev 02/2023)",C84734B,Minor,Done,2023-Mar-10 1:34 PM,2023-Mar-10 5:44 PM,3600,C84734B,Eforms-I9 P6 Sprint 3 - Yellow,,,,2798636,
2811246,Sub-task,EEEFI-1075,"QA Test - Bug Fix - EEEFI-600 - New Form - Los Angeles, CA Right to Rest and Notice, Hourly Associates - VSCo",C84708B,Minor,Done,2023-Mar-10 10:44 AM,2023-Mar-10 2:17 PM,1800,C84708B,Eforms-I9 P6 Sprint 3 - Yellow,,,,2798636,Bug
2800677,Sub-task,EEEFI-976,Prod Review - EEEFI-711 - Form Update - Compliance Library - DC Notice of Hire - Employment Status and Acknowledgment of Wage Rate(s),C86393B,Minor,Done,2023-Mar-06 6:12 PM,2023-Mar-14 9:19 AM,,C84708B,Eforms-I9 P6 Sprint 3 - Yellow,,,,2798636,
2800676,Sub-task,EEEFI-975,Prod Review - EEEFI-682 - Remove usages of MD5 hashing algorithm in PE.com code and Encryption project,C86393B,Minor,Done,2023-Mar-06 6:11 PM,2023-Mar-13 12:32 PM,7200,C84708B,Eforms-I9 P6 Sprint 3 - Yellow,,,,2798636,
2800675,Sub-task,EEEFI-974,Prod Review - EEEFI-653 - Form Update - Yukon TD1YT (Rev 2023/01),C86393B,Minor,Done,2023-Mar-06 6:10 PM,2023-Mar-13 2:22 PM,16200,C84708B,Eforms-I9 P6 Sprint 3 - Yellow,,,,2798636,
2800674,Sub-task,EEEFI-973,Prod Review - EEEFI-628 - Form Update - Maryland MW 507M (Rev 09/2022),C86398B,Minor,Done,2023-Mar-06 6:09 PM,2023-Mar-14 3:20 PM,16200,C84708B,Eforms-I9 P6 Sprint 3 - Yellow,,,,2798636,
2800671,Sub-task,EEEFI-971,"Prod Review - EEEFI-600 - New Form - Los Angeles, CA Right to Rest and Notice, Hourly Associates - VSCo (Rev 02/2023)",C84708B,Minor,Done,2023-Mar-06 6:05 PM,2023-Mar-10 3:40 PM,10800,C84708B,Eforms-I9 P6 Sprint 3 - Yellow,,,,2798636,
2800670,Sub-task,EEEFI-970,Prod Review - EEEFI-587 - New Form - City of LA Right to Rest - BBW (Rev 02/2023),C86393B,Minor,Done,2023-Mar-06 6:01 PM,2023-Mar-10 4:56 PM,9900,C84708B,Eforms-I9 P6 Sprint 3 - Yellow,,,,2798636,
2800668,Sub-task,EEEFI-969,Prod Review - EEEFI-536 - Form Update - Oklahoma OW-9-MSE (Rev 12/2022),C86398B,Minor,Done,2023-Mar-06 5:57 PM,2023-Mar-13 2:36 PM,10800,C84708B,Eforms-I9 P6 Sprint 3 - Yellow,,,,2798636,
2800654,Sub-task,EEEFI-967,Prod Review - EEEFI-580 - Form Update - Pay Method Instructions - VSCo (Rev 02/2023),C86393B,Minor,Done,2023-Mar-06 4:45 PM,2023-Mar-10 5:07 PM,10800,C84708B,Eforms-I9 P6 Sprint 3 - Yellow,,,,2798636,
2800651,Sub-task,EEEFI-964,Prod Review - EEEFI-660 - Form Update - Yukon TD1YT(F) (Rev 2023/01),C86398B,Minor,Done,2023-Mar-06 4:39 PM,2023-Mar-10 2:51 PM,18000,C84708B,Eforms-I9 P6 Sprint 3 - Yellow,,,,2798636,
2800568,Sub-task,EEEFI-957,Prod Review - EEEFI-549 - Form Update - Wellington Management Alternate Work State Withholding Allocation (Rev 02/2023),C86398B,Minor,Done,2023-Mar-06 4:07 PM,2023-Mar-13 1:29 PM,14400,C87582B,Eforms-I9 P6 Sprint 3 - Yellow,,,,2798636,
2798636,Story,EEEFI-905,Sprint 2 PE.com Prod Reviews - Yellow Team ,C84708B,Minor,Done,2023-Mar-06 9:50 AM,2023-Mar-15 10:00 AM,144900,C84684B,Eforms-I9 P6 Sprint 3 - Yellow,3,EEEFI-435,,,
2798678,Sub-task,EEEFI-921,Prod Review,C86398B,Minor,To Do,2023-Mar-06 10:33 AM,2023-Mar-06 11:49 AM,,C84642B,Eforms-I9 P6 Sprint 3 - Yellow,,,,2787711,
2798677,Sub-task,EEEFI-920,BA Demo,C84708B,Minor,To Do,2023-Mar-06 10:33 AM,2023-Mar-06 3:21 PM,,C84642B,Eforms-I9 P6 Sprint 3 - Yellow,,,,2787711,
2798676,Sub-task,EEEFI-919,QA Test Plan Review,C86398B,Minor,To Do,2023-Mar-06 10:33 AM,2023-Mar-06 4:24 PM,,C84642B,Eforms-I9 P6 Sprint 3 - Yellow,,,,2787711,
2798675,Sub-task,EEEFI-918,QA Test Plan Create,C84708B,Minor,To Do,2023-Mar-06 10:33 AM,2023-Mar-06 3:21 PM,,C84642B,Eforms-I9 P6 Sprint 3 - Yellow,,,,2787711,
2798674,Sub-task,EEEFI-917,QA: Testing ,C84708B,Minor,To Do,2023-Mar-06 10:33 AM,2023-Mar-06 3:20 PM,,C84642B,Eforms-I9 P6 Sprint 3 - Yellow,,,,2787711,
2798672,Sub-task,EEEFI-916,Code Review/Meeting,C84649B,Minor,Done,2023-Mar-06 10:33 AM,2023-Mar-13 1:30 PM,5400,C84642B,Eforms-I9 P6 Sprint 3 - Yellow,,,,2787711,
2787711,Story,EEEFI-811,Re-Eval Process Improvements - Limit number of calculated forms,C84649B,Minor,To Do,2023-Feb-28 3:51 PM,2023-Mar-23 1:19 PM,5400,C84642B,Eforms-I9 P6 Sprint 3 - Yellow,2,EEEFI-671,,,
2772377,Sub-task,EEEFI-750,PO-BA-PSE Demo,,Minor,To Do,2023-Feb-21 3:33 PM,2023-Mar-17 7:17 PM,,C84642B,Eforms-I9 P6 Sprint 3 - Yellow,,,,2757935,
2772009,Sub-task,EEEFI-718,Documentation ,,Minor,To Do,2023-Feb-21 10:35 AM,2023-Mar-17 7:17 PM,,C84642B,Eforms-I9 P6 Sprint 3 - Yellow,,,,2757935,
2772008,Sub-task,EEEFI-717,Dev Research,C84671B,Minor,In Progress,2023-Feb-21 10:35 AM,2023-Mar-20 12:09 PM,37800,C84642B,Eforms-I9 P6 Sprint 3 - Yellow,,,,2757935,
2757935,Story,EEEFI-625,Dev Research - Logging Update - OriginalAssignmentDate for Pending Forms,C84671B,Minor,To Do,2023-Feb-15 10:53 AM,2023-Mar-23 1:18 PM,37800,C84642B,Eforms-I9 P6 Sprint 3 - Yellow,2,EEEFI-671,,,
2738654,Sub-task,EEEFI-500,PSE/PO/BA Demo,,Minor,To Do,2023-Feb-07 8:06 AM,2023-Feb-07 8:06 AM,,C84618B,Eforms-I9 P6 Sprint 3 - Blue,,,,2738651,
2738653,Sub-task,EEEFI-499,Documentation,,Minor,To Do,2023-Feb-07 8:06 AM,2023-Feb-07 8:06 AM,,C84618B,Eforms-I9 P6 Sprint 3 - Blue,,,,2738651,
2738652,Sub-task,EEEFI-498,Dev Research,C84722B,Minor,In Progress,2023-Feb-07 8:06 AM,2023-Mar-17 9:07 AM,43200,C84618B,Eforms-I9 P6 Sprint 3 - Blue,,,,2738651,
2738651,Story,EEEFI-497,Dev Research - LOB File Fails to Process Due to Duplicate EEID's - Part 2 (PBI 138137 Rollover),C84618B,Minor,To Do,2023-Feb-07 8:00 AM,2023-Mar-20 11:25 AM,43200,C84618B,Eforms-I9 P6 Sprint 3 - Blue,2,EEEFI-235,,,
2806313,Sub-task,EEEFI-1023,QA Test Plan Create,C84756B,Minor,Done,2023-Mar-08 12:33 PM,2023-Mar-10 9:44 AM,3600,C84756B,Eforms-I9 P6 Sprint 3 - Blue,,,,2809361,
2783944,Sub-task,EEEFI-805,BA Demo,C84756B,Minor,Done,2023-Feb-27 2:59 PM,2023-Mar-10 9:44 AM,3600,C87582B,Eforms-I9 P6 Sprint 3 - Blue,,,,2809361,
2783941,Sub-task,EEEFI-802,QA: Testing ,C84756B,Minor,Done,2023-Feb-27 2:59 PM,2023-Mar-10 9:43 AM,25200,C87582B,Eforms-I9 P6 Sprint 3 - Blue,,,,2809361,
2809361,Story,EEEFI-1065,QA Only - Form Update - Pay Method Instructions (NH) - VSCo (Rev 03/2023),C87582B,Minor,Done,2023-Mar-09 2:54 PM,2023-Mar-15 10:19 AM,32400,C87582B,Eforms-I9 P6 Sprint 3 - Blue,,EEEFI-48,,,
2761223,Sub-task,EEEFI-680,BA Demo,C84756B,Minor,Done,2023-Feb-16 2:02 PM,2023-Mar-15 10:39 AM,3600,C84642B,Eforms-I9 P6 Sprint 3 - Blue,,,,2743084,
2761222,Sub-task,EEEFI-679,QA Test Plan Review,C84652B,Minor,Done,2023-Feb-16 2:02 PM,2023-Mar-09 5:49 PM,1800,C84642B,Eforms-I9 P6 Sprint 3 - Blue,,,,2743084,
2761221,Sub-task,EEEFI-678,QA Test Plan Create,C84756B,Minor,Done,2023-Feb-16 2:01 PM,2023-Mar-09 2:11 PM,3600,C84642B,Eforms-I9 P6 Sprint 3 - Blue,,,,2743084,
2761220,Sub-task,EEEFI-677,QA: Testing ,C84756B,Minor,Done,2023-Feb-16 2:01 PM,2023-Mar-15 10:10 AM,5400,C84642B,Eforms-I9 P6 Sprint 3 - Blue,,,,2743084,
2761219,Sub-task,EEEFI-676,Dev & Dev Testing,C84757B,Minor,Done,2023-Feb-16 2:01 PM,2023-Mar-08 3:50 PM,14400,C84642B,Eforms-I9 P6 Sprint 3 - Blue,,,,2743084,
2743084,Story,EEEFI-523,PE.com Update - Remaining Privacy Policy Link Updates,C84757B,Minor,Done,2023-Feb-08 2:27 PM,2023-Mar-15 10:40 AM,28800,C84642B,Eforms-I9 P6 Sprint 3 - Blue,1,EEEFI-671,,,
2799151,Sub-task,EEEFI-938,Dev,C84722B,Minor,Done,2023-Mar-06 11:25 AM,2023-Mar-17 9:07 AM,43200,C84684B,Eforms-I9 P6 Sprint 3 - Blue,,,,2692807,
2798649,Sub-task,EEEFI-906,Documentation ,C84722B,Minor,Done,2023-Mar-06 10:06 AM,2023-Mar-20 11:12 AM,,C84642B,Eforms-I9 P6 Sprint 3 - Blue,,,,2692807,
2692807,Story,EEEFI-208,Dev Only - Enhance the deployment tool to reference the configuration settings,C84777B,Minor,Done,2023-Jan-26 3:55 PM,2023-Mar-20 11:11 AM,43200,C84642B,Eforms-I9 P6 Sprint 3 - Blue,3,EEEFI-53,,,
2800342,Sub-task,EEEFI-947,QA Documentation,C84652B,Minor,Done,2023-Mar-06 1:56 PM,2023-Mar-09 1:52 PM,3600,C84652B,Eforms-I9 P6 Sprint 3 - Blue,,,,2773664,
2790515,Sub-task,EEEFI-838,BA Demo,C84652B,Minor,Done,2023-Mar-01 2:52 PM,2023-Mar-16 1:38 PM,900,C84618B,Eforms-I9 P6 Sprint 3 - Blue,,,,2773664,
2790514,Sub-task,EEEFI-837,QA Test Plan Review,C84756B,Minor,Done,2023-Mar-01 2:52 PM,2023-Mar-07 10:06 AM,1800,C84618B,Eforms-I9 P6 Sprint 3 - Blue,,,,2773664,
2790513,Sub-task,EEEFI-836,QA Test Plan Create,C84652B,Minor,Done,2023-Mar-01 2:52 PM,2023-Mar-09 10:27 AM,2700,C84618B,Eforms-I9 P6 Sprint 3 - Blue,,,,2773664,
2790512,Sub-task,EEEFI-835,QA: Testing ,C84652B,Minor,Done,2023-Mar-01 2:52 PM,2023-Mar-08 6:39 PM,25200,C84618B,Eforms-I9 P6 Sprint 3 - Blue,,,,2773664,
2790511,Sub-task,EEEFI-834,Dev & Dev Testing,C84757B,Minor,Done,2023-Mar-01 2:52 PM,2023-Mar-07 11:38 AM,14400,C84618B,Eforms-I9 P6 Sprint 3 - Blue,,,,2773664,
2773664,Story,EEEFI-753,Form Update - Nunavut (F) (Rev 2023/01),C84652B,Minor,Done,2023-Feb-22 9:16 AM,2023-Mar-16 1:38 PM,48600,C84618B,Eforms-I9 P6 Sprint 3 - Blue,3,EEEFI-47,,,
2790524,Sub-task,EEEFI-844,BA Demo,C84756B,Minor,Done,2023-Mar-01 2:57 PM,2023-Mar-08 11:24 AM,3600,C84618B,Eforms-I9 P6 Sprint 3 - Blue,,,,2773662,
2790523,Sub-task,EEEFI-843,QA Test Plan Review,C84652B,Minor,Done,2023-Mar-01 2:57 PM,2023-Mar-08 11:38 AM,1800,C84618B,Eforms-I9 P6 Sprint 3 - Blue,,,,2773662,
2790522,Sub-task,EEEFI-842,QA Test Plan Create,C84756B,Minor,Done,2023-Mar-01 2:57 PM,2023-Mar-07 10:45 AM,3600,C84618B,Eforms-I9 P6 Sprint 3 - Blue,,,,2773662,
2790521,Sub-task,EEEFI-841,QA: Testing ,C84756B,Minor,Done,2023-Mar-01 2:57 PM,2023-Mar-08 11:22 AM,25200,C84618B,Eforms-I9 P6 Sprint 3 - Blue,,,,2773662,
2790520,Sub-task,EEEFI-840,Dev & Dev Testing,C84757B,Minor,Done,2023-Mar-01 2:57 PM,2023-Mar-07 11:36 AM,28800,C84618B,Eforms-I9 P6 Sprint 3 - Blue,,,,2773662,
2773662,Story,EEEFI-752,Form Update - Nunavut (Rev 2023/01),C84757B,Minor,Done,2023-Feb-22 9:15 AM,2023-Mar-14 2:10 PM,63000,C84618B,Eforms-I9 P6 Sprint 3 - Blue,3,EEEFI-47,,,
2799142,Sub-task,EEEFI-937,Dev,C84722B,Minor,Done,2023-Mar-06 11:14 AM,2023-Mar-13 12:29 PM,94500,C84642B,Eforms-I9 P6 Sprint 3 - Blue,,,,2799141,
2799141,Story,EEEFI-936,Veracode and Pentest Mitigation - SendGrid Event Handler - Part 2,C84722B,Major,Done,2023-Mar-06 11:14 AM,2023-Mar-13 12:29 PM,94500,C84671B,Eforms-I9 P6 Sprint 3 - Blue,5,EEEFI-189,,,
2799139,Sub-task,EEEFI-935,Dev,C84757B,Minor,Done,2023-Mar-06 11:13 AM,2023-Mar-15 8:35 AM,,C84684B,Eforms-I9 P6 Sprint 3 - Blue,,,,2799138,
2799138,Story,EEEFI-934,Veracode and Pentest Mitigation - Maint - Part 4,C84757B,Major,Done,2023-Mar-06 11:13 AM,2023-Mar-15 8:36 AM,,C84671B,Eforms-I9 P6 Sprint 3 - Blue,8,EEEFI-189,,,
2798349,Sub-task,EEEFI-897,Dev & Merge Branch,C84757B,Minor,Done,2023-Mar-06 9:17 AM,2023-Mar-17 3:48 PM,,C84618B,Eforms-I9 P6 Sprint 3 - Blue,,,,2798342,
2798348,Sub-task,EEEFI-896,BA Demo,C84756B,Minor,To Do,2023-Mar-06 9:17 AM,2023-Mar-06 9:19 AM,,C84618B,Eforms-I9 P6 Sprint 3 - Blue,,,,2798342,
2798347,Sub-task,EEEFI-895,Prod Review,C84652B,Minor,To Do,2023-Mar-06 9:17 AM,2023-Mar-06 9:19 AM,,C84618B,Eforms-I9 P6 Sprint 3 - Blue,,,,2798342,
2798346,Sub-task,EEEFI-894,QA Documentation,C84756B,Minor,To Do,2023-Mar-06 9:17 AM,2023-Mar-06 9:19 AM,,C84618B,Eforms-I9 P6 Sprint 3 - Blue,,,,2798342,
2798345,Sub-task,EEEFI-893,QA / Testing,C84756B,Minor,In Progress,2023-Mar-06 9:17 AM,2023-Mar-23 10:14 AM,104400,C84618B,Eforms-I9 P6 Sprint 3 - Blue,,,,2798342,
2798342,Story,EEEFI-890,Dev Revisit and QA Test - New EBT Template - Alternate Work State Withholding Allocation Form Template - Part 2,C84757B,Minor,In Progress,2023-Mar-06 9:16 AM,2023-Mar-20 11:23 AM,104400,C84618B,Eforms-I9 P6 Sprint 3 - Blue,3,EEEFI-56,,,
2803403,Sub-task,EEEFI-993,QA Test - Bug fix,C84652B,Minor,Done,2023-Mar-07 3:03 PM,2023-Mar-07 5:47 PM,900,C84652B,Eforms-I9 P6 Sprint 3 - Blue,,,,2787960,
2803402,Sub-task,EEEFI-992,Dev & Dev Testing - Bug Fix,C84722B,Minor,Done,2023-Mar-07 3:03 PM,2023-Mar-08 10:16 AM,1800,C84652B,Eforms-I9 P6 Sprint 3 - Blue,,,,2787960,
2800083,Sub-task,EEEFI-939,QA Documentation,C84652B,Minor,Done,2023-Mar-06 1:30 PM,2023-Mar-08 11:04 AM,1800,C84652B,Eforms-I9 P6 Sprint 3 - Blue,,,,2787960,
2789859,Sub-task,EEEFI-826,BA Demo,C84652B,Minor,Done,2023-Mar-01 11:54 AM,2023-Mar-10 1:35 PM,900,C84618B,Eforms-I9 P6 Sprint 3 - Blue,,,,2787960,
2789858,Sub-task,EEEFI-825,QA Test Plan Review,C84756B,Minor,Done,2023-Mar-01 11:54 AM,2023-Mar-07 9:43 AM,1800,C84618B,Eforms-I9 P6 Sprint 3 - Blue,,,,2787960,
2789857,Sub-task,EEEFI-824,QA Test Plan Create,C84652B,Minor,Done,2023-Mar-01 11:54 AM,2023-Mar-08 11:02 AM,2700,C84618B,Eforms-I9 P6 Sprint 3 - Blue,,,,2787960,
2789856,Sub-task,EEEFI-823,QA: Testing ,C84652B,Minor,Done,2023-Mar-01 11:54 AM,2023-Mar-07 5:20 PM,19800,C84618B,Eforms-I9 P6 Sprint 3 - Blue,,,,2787960,
2789855,Sub-task,EEEFI-822,Dev & Dev Testing,C84722B,Minor,Done,2023-Mar-01 11:54 AM,2023-Mar-06 1:40 PM,10800,C84618B,Eforms-I9 P6 Sprint 3 - Blue,,,,2787960,
2787960,Story,EEEFI-814,Form Update - Pay Method Instructions (Multiple States) - VSCo (Rev 03/2023),C84652B,Minor,Done,2023-Feb-28 10:09 PM,2023-Mar-15 10:33 AM,40500,C84618B,Eforms-I9 P6 Sprint 3 - Blue,2,EEEFI-48,,,
2800176,Sub-task,EEEFI-945,BA Demo,C84756B,Minor,Done,2023-Mar-06 1:53 PM,2023-Mar-07 9:06 AM,3600,C84642B,Eforms-I9 P6 Sprint 3 - Blue,,,,2800140,
2800175,Sub-task,EEEFI-944,QA Test Plan Review,C84652B,Minor,Done,2023-Mar-06 1:53 PM,2023-Mar-07 12:19 PM,1800,C84642B,Eforms-I9 P6 Sprint 3 - Blue,,,,2800140,
2800174,Sub-task,EEEFI-943,QA Test Plan Create,C84756B,Minor,Done,2023-Mar-06 1:53 PM,2023-Mar-06 3:10 PM,2700,C84642B,Eforms-I9 P6 Sprint 3 - Blue,,,,2800140,
2800173,Sub-task,EEEFI-942,QA: Testing ,C84756B,Minor,Done,2023-Mar-06 1:53 PM,2023-Mar-06 4:47 PM,5400,C84642B,Eforms-I9 P6 Sprint 3 - Blue,,,,2800140,
2800172,Sub-task,EEEFI-941,Dev & Dev Testing,C84722B,Minor,Done,2023-Mar-06 1:53 PM,2023-Mar-06 2:01 PM,900,C84642B,Eforms-I9 P6 Sprint 3 - Blue,,,,2800140,
2800140,Story,EEEFI-940,Form Bug - Prince Edward Island TD1PE and PD1PE(F) Pending Form Logic,C84756B,Minor,Done,2023-Mar-06 1:33 PM,2023-Mar-14 2:30 PM,14400,C84642B,Eforms-I9 P6 Sprint 3 - Blue,,EEEFI-47,,,
2714861,Sub-task,EEEFI-243,BA Demo - EEEFI-83 Script Request - Form Retirement - Colorado Pregnancy Accommodation Notice and Form Assignment of Colorado Discrimination and Harassment Notification (in P1),C84652B,Minor,Done,2023-Jan-31 1:36 PM,2023-Mar-07 12:32 PM,900,C84777B,Eforms-I9 P6 Sprint 3 - Blue,,,,2798660,
2798660,Story,EEEFI-909,BA Demos - Blue Team,C84642B,Minor,Done,2023-Mar-06 10:28 AM,2023-Mar-07 12:32 PM,900,C84684B,Eforms-I9 P6 Sprint 3 - Blue,1,EEEFI-671,,,
2771551,Sub-task,EEEFI-708,Prod Review - EEEFI-702 Form Update - Prince Edward Island TD1PE(F) (Rev 2023/01),C84756B,Minor,Done,2023-Feb-21 7:27 AM,2023-Mar-14 4:39 PM,16200,C84618B,Eforms-I9 P6 Sprint 3 - Blue,,,,2795984,
2771544,Sub-task,EEEFI-701,Prod Review - EEEFI-695 Form Update - Prince Edward Island TD1PE (Rev 2023/01),C84652B,Minor,Done,2023-Feb-21 7:24 AM,2023-Mar-14 5:33 PM,9000,C84618B,Eforms-I9 P6 Sprint 3 - Blue,,,,2795984,
2760671,Sub-task,EEEFI-647,Prod Review - BBW Field Sales Bonus (CA) (01/2023),C84652B,Minor,Done,2023-Feb-16 10:34 AM,2023-Mar-14 10:21 AM,64800,C87709B,Eforms-I9 P6 Sprint 3 - Blue,,,,2795984,
2759091,Sub-task,EEEFI-641,Prod Review - EEEFI-635 New Form - BBW Field Sales Bonus (NY) (01/2023),C84756B,Minor,Done,2023-Feb-15 10:11 PM,2023-Mar-13 12:38 PM,41400,C84618B,Eforms-I9 P6 Sprint 3 - Blue,,,,2795984,
2731826,Sub-task,EEEFI-434,Prod Review - EEEFI-428 Form Update - Terre-Neuve-et-Labrador TD1NL(F) (Rev 2023/01),C84652B,Minor,Done,2023-Feb-03 5:16 PM,2023-Mar-14 12:08 PM,9000,C87582B,Eforms-I9 P6 Sprint 3 - Blue,,,,2795984,
2731818,Sub-task,EEEFI-427,Prod Review - EEEFI-421 Form Update - Newfoundland and Labrador TD1NL (Rev 2023/01),C84756B,Minor,Done,2023-Feb-03 5:13 PM,2023-Mar-14 10:52 AM,23400,C87582B,Eforms-I9 P6 Sprint 3 - Blue,,,,2795984,
2795984,Story,EEEFI-888,Sprint 2 PE.com Prod Reviews - Blue Team,C84642B,Minor,Done,2023-Mar-04 2:57 PM,2023-Mar-14 5:33 PM,163800,C84684B,Eforms-I9 P6 Sprint 3 - Blue,1,EEEFI-435,,,
